Client Code,Code,Name,last time stock,latest stock,sold,Price,Period
GH98907,1002114,SHOCK ABSORBER FR RH HONDA CRV 2002 RD5 (SHIELD),3,3,0,265,2025/11/20-2025/12/17
GH98673,1002114,SHOCK ABSORBER FR RH HONDA CRV 2002 RD5 (SHIELD),6,6,0,265,
GH98816,1002114,SHOCK ABSORBER FR RH HONDA CRV 2002 RD5 (SHIELD),2,2,0,265,
GH98816,1002115,SHOCK ABSORBER FR LH HONDA CRV 2002 RD5 (SHIELD),2,2,0,240,
GH98907,1002115,SHOCK ABSORBER FR LH HONDA CRV 2002 RD5 (SHIELD),3,3,0,240,
GH98673,1002115,SHOCK ABSORBER FR LH HONDA CRV 2002 RD5 (SHIELD),6,6,0,265,
GH98673,1002121,SHOCK ABSORBER NISSAN MARCH 1996 K11 FR RH SHIELD,7,7,0,265,
GH98673,1002122,SHOCK ABSORBER NISSAN MARCH 1996 K11 FR LH (SHIELD),7,7,0,265,
GH98673,1002138,SHOCK ABSORBER BACK RH CARINA E AT211(SHIELD),0,0,0,265,
GH98907,1002138,SHOCK ABSORBER BACK RH CARINA E AT211(SHIELD),0,0,0,240,
GH98816,1002138,SHOCK ABSORBER BACK RH CARINA E AT211(SHIELD),2,1,1,240,
GH98907,1002143,SHOCK ABSORBER BACK LH CARINA E AT211(SHIELD),0,0,0,240,
GH98673,1002143,SHOCK ABSORBER BACK LH CARINA E AT211(SHIELD),0,0,0,265,
GH98816,1002143,SHOCK ABSORBER BACK LH CARINA E AT211(SHIELD),2,1,1,265,
GH98673,1002146,SHOCK ABSORBER COROLLA AE100 FR RH(GOR),3,3,0,265,
GH98907,1002146,SHOCK ABSORBER COROLLA AE100 FR RH(GOR),13,13,0,265,
GH98816,1002148,SHOCK ABSORBER FR RH COROLLA 2002 AE110  (SHIELD),7,5,2,240,
GH98673,1002148,SHOCK ABSORBER FR RH COROLLA 2002 AE110  (SHIELD),0,0,0,285,
GH98907,1002148,SHOCK ABSORBER FR RH COROLLA 2002 AE110  (SHIELD),3,3,0,315,
GH98770,1002148,SHOCK ABSORBER FR RH COROLLA 2002 AE110  (SHIELD),0,0,0,315,
GH98907,1002150,SHOCK ABSORBER COROLLA AE100 FR LH(GOR),13,13,0,315,
GH98673,1002150,SHOCK ABSORBER COROLLA AE100 FR LH(GOR),3,3,0,315,
GH98816,1002152,SHOCK ABSORBER FR LH  COROLLA 2002 AE110 (SHIELD),7,5,2,345,
GH98673,1002152,SHOCK ABSORBER FR LH  COROLLA 2002 AE110 (SHIELD),0,0,0,345,
GH98907,1002152,SHOCK ABSORBER FR LH  COROLLA 2002 AE110 (SHIELD),3,3,0,345,
GH98770,1002152,SHOCK ABSORBER FR LH  COROLLA 2002 AE110 (SHIELD),0,0,0,345,
GH98673,1002154,SHOCK ABSORBER BACK RH COROLLA 2002 AE110 (GOR),0,0,0,345,
GH98816,1002154,SHOCK ABSORBER BACK RH COROLLA 2002 AE110 (GOR),1,1,0,345,
GH98907,1002154,SHOCK ABSORBER BACK RH COROLLA 2002 AE110 (GOR),0,0,0,360,
GH98816,1002156,SHOCK ABSORBER BACK RH COROLLA 2002 AE110 £¨SHIELD£©,3,3,0,360,
GH98770,1002156,SHOCK ABSORBER BACK RH COROLLA 2002 AE110 £¨SHIELD£©,0,0,0,360,
GH98673,1002156,SHOCK ABSORBER BACK RH COROLLA 2002 AE110 £¨SHIELD£©,0,0,0,360,
GH98907,1002156,SHOCK ABSORBER BACK RH COROLLA 2002 AE110 £¨SHIELD£©,0,0,0,340,
GH98673,1002158,SHOCK ABSORBER BACK LH COROLLA 2002 AE110 (GOR),0,0,0,340,
GH98816,1002158,SHOCK ABSORBER BACK LH COROLLA 2002 AE110 (GOR),1,1,0,340,
GH98816,1002225,SHOCK ABSORBER FR RH NISSAN MARCH 2005 K12 (SHIELD),2,2,0,240,
GH98816,1002226,SHOCK ABSORBER FR LH NISSAN MARCH 2005 K12 (SHIELD),2,2,0,240,
GH98673,1002226,SHOCK ABSORBER FR LH NISSAN MARCH 2005 K12 (SHIELD),1,1,0,265,
GH98816,1002311,SHOCK ABSORBER FR RH RAV4 2004 ACA21 (SHIELD),3,2,1,265,
GH98673,1002311,SHOCK ABSORBER FR RH RAV4 2004 ACA21 (SHIELD),1,1,0,265,
GH98907,1002311,SHOCK ABSORBER FR RH RAV4 2004 ACA21 (SHIELD),3,3,0,265,
GH98907,1002314,SHOCK ABSORBER FR LH RAV4 2004 ACA21 (SHIELD ),3,3,0,265,
GH98816,1002314,SHOCK ABSORBER FR LH RAV4 2004 ACA21 (SHIELD ),3,2,1,265,
GH98673,1002314,SHOCK ABSORBER FR LH RAV4 2004 ACA21 (SHIELD ),1,1,0,265,
GH98673,1002323,SHOCK ABSORBER FR RH NISSAN X-TRAIL 2002 T30  (SHIELD ),0,0,0,265,
GH98673,1002324,SHOCK ABSORBER FR LH NISSAN X-TRAIL 2002 T30  SHIELD,0,0,0,265,
GH98673,1002325,SHOCK ABSORBER BACK RH NISSAN X-TRAIL 2002 T30 (SHIELD ),0,0,0,265,
GH98673,1002326,SHOCK ABSORBER BACK LH NISSAN X-TRAIL 2002 T30 (SHIELD ),0,0,0,265,
GH98907,1002327,SHOCK ABSORBER BACK RH HIGHLANDER 2005 ACU20 2WD (SHIELD),0,0,0,265,
GH98673,1002327,SHOCK ABSORBER BACK RH HIGHLANDER 2005 ACU20 2WD (SHIELD),1,1,0,265,
,1002327,SHOCK ABSORBER BACK RH HIGHLANDER 2005 ACU20 2WD (SHIELD),0,2,0,265,
GH98816,1002327,SHOCK ABSORBER BACK RH HIGHLANDER 2005 ACU20 2WD (SHIELD),2,2,0,265,
,1002330,SHOCK ABSORBER BACK LH HIGHLANDER 2005 ACU20 2WD (SHIELD),0,2,0,260,
GH98907,1002158,SHOCK ABSORBER BACK LH COROLLA 2002 AE110 (GOR),0,0,0,260,
GH98816,1002160,SHOCK ABSORBER BACK LH COROLLA 2002 AE110 £¨SHIELD£©,3,3,0,260,
GH98673,1002160,SHOCK ABSORBER BACK LH COROLLA 2002 AE110 £¨SHIELD£©,0,0,0,260,
GH98770,1002160,SHOCK ABSORBER BACK LH COROLLA 2002 AE110 £¨SHIELD£©,0,0,0,260,
GH98907,1002160,SHOCK ABSORBER BACK LH COROLLA 2002 AE110 £¨SHIELD£©,0,0,0,260,
GH98673,1002167,SHOCK ABSORBER FR RH CARINA E AT211(SHIELD),3,3,0,260,
GH98907,1002167,SHOCK ABSORBER FR RH CARINA E AT211(SHIELD),3,3,0,260,
GH98673,1002173,SHOCK ABSORBER FR LH CARINA E AT211 (SHIELD),3,3,0,260,
GH98907,1002173,SHOCK ABSORBER FR LH CARINA E AT211 (SHIELD),3,3,0,260,
GH98907,1002187,SHOCK ABSORBER FR RH NISSAN SUNNY/SENTRA/ALMERA B14 (SHIELD),2,2,0,260,
GH98673,1002187,SHOCK ABSORBER FR RH NISSAN SUNNY/SENTRA/ALMERA B14 (SHIELD),1,1,0,260,
GH98673,1002188,SHOCK ABSORBER FR LH NISSAN SUNNY/SENTRA/ALMERA B14 (SHIELD),1,1,0,285,
GH98907,1002188,SHOCK ABSORBER FR LH NISSAN SUNNY/SENTRA/ALMERA B14 (SHIELD),2,2,0,285,
GH98907,1002192,SHOCK ABSORBER FR ECHO 2000 NCP10(SHIELD ),0,0,0,285,
GH98673,1002192,SHOCK ABSORBER FR ECHO 2000 NCP10(SHIELD ),0,0,0,285,
GH98816,1002192,SHOCK ABSORBER FR ECHO 2000 NCP10(SHIELD ),8,8,0,285,
GH98907,1002195,SHOCK ABSORBER FR RH KIA PRIDE/MAZDA DEMIO 1996 DW3/KIA AVELLA  (SHIELD),4,4,0,430,
GH98673,1002195,SHOCK ABSORBER FR RH KIA PRIDE/MAZDA DEMIO 1996 DW3/KIA AVELLA  (SHIELD),8,8,0,430,
GH98673,1002196,SHOCK ABSORBER FR LH KIA PRIDE/MAZDA DEMIO 1996 DW3/KIA AVELLA  (SHIELD),8,8,0,430,
GH98907,1002196,SHOCK ABSORBER FR LH KIA PRIDE/MAZDA DEMIO 1996 DW3/KIA AVELLA  (SHIELD),4,4,0,430,
GH98907,1002204,SHOCK ABSORBER FR RH SENTRA/ALMERA/SUNNY B15  (SHIELD ),1,1,0,430,
GH98816,1002204,SHOCK ABSORBER FR RH SENTRA/ALMERA/SUNNY B15  (SHIELD ),4,2,2,430,
GH98673,1002204,SHOCK ABSORBER FR RH SENTRA/ALMERA/SUNNY B15  (SHIELD ),0,0,0,275,
GH98770,1002204,SHOCK ABSORBER FR RH SENTRA/ALMERA/SUNNY B15  (SHIELD ),0,0,0,275,
GH98673,1002206,SHOCK ABSORBER FR LH SENTRA/ALMERA/SUNNY B15  (SHIELD ),0,0,0,280,
GH98816,1002206,SHOCK ABSORBER FR LH SENTRA/ALMERA/SUNNY B15  (SHIELD ),4,2,2,280,
GH98770,1002206,SHOCK ABSORBER FR LH SENTRA/ALMERA/SUNNY B15  (SHIELD ),0,0,0,280,
GH98907,1002206,SHOCK ABSORBER FR LH SENTRA/ALMERA/SUNNY B15  (SHIELD ),1,1,0,280,
GH98816,1002223,SHOCK ABSORBER FR RH NISSAN VERSA/TIIDA C11 (SHIELD),4,4,0,280,
GH98770,1002223,SHOCK ABSORBER FR RH NISSAN VERSA/TIIDA C11 (SHIELD),0,0,0,280,
GH98673,1002223,SHOCK ABSORBER FR RH NISSAN VERSA/TIIDA C11 (SHIELD),2,2,0,240,
GH98673,1002224,SHOCK ABSORBER FR LH NISSAN VERSA/TIIDA C11 (SHIELD),2,2,0,240,
GH98770,1002224,SHOCK ABSORBER FR LH NISSAN VERSA/TIIDA C11 (SHIELD),0,0,0,265,
GH98816,1002224,SHOCK ABSORBER FR LH NISSAN VERSA/TIIDA C11 (SHIELD),4,4,0,190,
GH98673,1002225,SHOCK ABSORBER FR RH NISSAN MARCH 2005 K12 (SHIELD),1,1,0,190,
GH98816,1002330,SHOCK ABSORBER BACK LH HIGHLANDER 2005 ACU20 2WD (SHIELD),2,2,0,190,
GH98673,1002330,SHOCK ABSORBER BACK LH HIGHLANDER 2005 ACU20 2WD (SHIELD),1,1,0,200,
GH98907,1002330,SHOCK ABSORBER BACK LH HIGHLANDER 2005 ACU20 2WD (SHIELD),0,0,0,175,
GH98673,1002333,SHOCK ABSORBER BACK RH HIGHLANDER 2005 ACU20 4WD(SHIELD),5,5,0,160,
GH98816,1002333,SHOCK ABSORBER BACK RH HIGHLANDER 2005 ACU20 4WD(SHIELD),4,4,0,160,
GH98907,1002333,SHOCK ABSORBER BACK RH HIGHLANDER 2005 ACU20 4WD(SHIELD),1,1,0,160,
GH98673,1002335,SHOCK ABSORBER BACK LH HIGHLANDER 2005 ACU20 4WD(SHIELD),5,5,0,160,
GH98907,1002335,SHOCK ABSORBER BACK LH HIGHLANDER 2005 ACU20 4WD(SHIELD),1,1,0,140,
GH98816,1002335,SHOCK ABSORBER BACK LH HIGHLANDER 2005 ACU20 4WD(SHIELD),4,4,0,140,
GH98770,1002337,SHOCK ABSORBER FR RH HIGHLANDER 2005 ACU20 2WD/4WD (SHIELD),0,0,0,145,
GH98907,1002337,SHOCK ABSORBER FR RH HIGHLANDER 2005 ACU20 2WD/4WD (SHIELD),2,2,0,145,
GH98816,1002337,SHOCK ABSORBER FR RH HIGHLANDER 2005 ACU20 2WD/4WD (SHIELD),2,1,1,145,
GH98673,1002337,SHOCK ABSORBER FR RH HIGHLANDER 2005 ACU20 2WD/4WD (SHIELD),0,0,0,285,
GH98816,1002339,SHOCK ABSORBER FR LH HIGHLANDER 2005 ACU20 2WD/4WD (SHIELD),2,1,1,285,
GH98907,1002339,SHOCK ABSORBER FR LH HIGHLANDER 2005 ACU20 2WD/4WD (SHIELD),2,2,0,270,
GH98770,1002339,SHOCK ABSORBER FR LH HIGHLANDER 2005 ACU20 2WD/4WD (SHIELD),0,0,0,340,
GH98673,1002339,SHOCK ABSORBER FR LH HIGHLANDER 2005 ACU20 2WD/4WD (SHIELD),0,0,0,340,
GH98907,1002380,SHOCK ABSORBER FR RH NISSAN ROGUE S35 (SHIELD),0,0,0,340,
GH98673,1002381,SHOCK ABSORBER FR LH NISSAN ROGUE S35 (SHIELD),1,1,0,340,
GH98816,1002381,SHOCK ABSORBER FR LH NISSAN ROGUE S35 (SHIELD),2,1,1,340,
GH98907,1002381,SHOCK ABSORBER FR LH NISSAN ROGUE S35 (SHIELD),0,0,0,340,
GH98673,1002398,SHOCK ABSORBER BACK NISSAN SENTRA/ALMERA/SUNNY B14 (SHIELD),10,10,0,340,
GH98673,1002400,SHOCK ABSORBER FR PRADO 1996 KZJ95/TUNDRA/SEQUOIA/4RUNNER (SHIELD),8,8,0,340,
GH98907,1002400,SHOCK ABSORBER FR PRADO 1996 KZJ95/TUNDRA/SEQUOIA/4RUNNER (SHIELD),10,10,0,340,
GH98816,1002400,SHOCK ABSORBER FR PRADO 1996 KZJ95/TUNDRA/SEQUOIA/4RUNNER (SHIELD),4,4,0,340,
GH98673,1002406,SHOCK ABSORBER FR HONDA CRV 1996 RD1 (SHIELD),8,8,0,340,
GH98907,1002408,SHOCK ABSORBER BACK HONDA CRV 1996 RD1 (SHIELD),4,4,0,335,
GH98673,1002408,SHOCK ABSORBER BACK HONDA CRV 1996 RD1 (SHIELD),14,14,0,335,
GH98907,1002409,SHOCK ABSORBER BACK NISSAN SENTRA/ALMERA/SUNNY B15 (SHIELD),0,0,0,335,
GH98673,1002409,SHOCK ABSORBER BACK NISSAN SENTRA/ALMERA/SUNNY B15 (SHIELD),0,0,0,335,
GH98816,1002409,SHOCK ABSORBER BACK NISSAN SENTRA/ALMERA/SUNNY B15 (SHIELD),12,10,2,335,
,1002409,SHOCK ABSORBER BACK NISSAN SENTRA/ALMERA/SUNNY B15 (SHIELD),0,10,0,335,
GH98673,1002419,SHOCK ABSORBER COROLLA 2003 ZZE130 BACK(GOR),0,0,0,335,
GH98907,1002419,SHOCK ABSORBER COROLLA 2003 ZZE130 BACK(GOR),6,6,0,335,
GH98673,1002421,SHOCK ABSORBER BACK COROLLA S ZZE130 (SHIELD),6,6,0,265,
GH98816,1002421,SHOCK ABSORBER BACK COROLLA S ZZE130 (SHIELD),11,3,8,265,
GH98907,1002421,SHOCK ABSORBER BACK COROLLA S ZZE130 (SHIELD),6,6,0,265,
GH98907,1002431,SHOCK ABSORBER BACK KIA PRIDE/MAZDA DEMIO 1996 DW3/AVELLA (SHIELD),0,0,0,265,
GH98673,1002431,SHOCK ABSORBER BACK KIA PRIDE/MAZDA DEMIO 1996 DW3/AVELLA (SHIELD),0,0,0,265,
GH98816,1002431,SHOCK ABSORBER BACK KIA PRIDE/MAZDA DEMIO 1996 DW3/AVELLA (SHIELD),4,4,0,265,
GH98770,1002431,SHOCK ABSORBER BACK KIA PRIDE/MAZDA DEMIO 1996 DW3/AVELLA (SHIELD),0,0,0,265,
GH98770,1002432,SHOCK ABSORBER BACK KIA PRIDE/MAZDA DEMIO 1996 DW3/AVELLA (GOR),0,0,0,265,
GH98673,1002432,SHOCK ABSORBER BACK KIA PRIDE/MAZDA DEMIO 1996 DW3/AVELLA (GOR),2,2,0,325,
GH98673,1002437,SHOCK ABSORBER FR HILUX VIGO/PRADO 2002/2009 KZJ120/KDJ150 (SHILED),0,0,0,325,
GH98816,1002437,SHOCK ABSORBER FR HILUX VIGO/PRADO 2002/2009 KZJ120/KDJ150 (SHILED),6,4,2,325,
GH98907,1002437,SHOCK ABSORBER FR HILUX VIGO/PRADO 2002/2009 KZJ120/KDJ150 (SHILED),0,0,0,325,
GH98770,1002447,SHOCK ABSORBER BACK COROLLA 2009 ZRE141/MATRIX/VIBE 2009 (SHIELD),0,0,0,325,
GH98907,1002447,SHOCK ABSORBER BACK COROLLA 2009 ZRE141/MATRIX/VIBE 2009 (SHIELD),6,6,0,325,
GH98816,1002447,SHOCK ABSORBER BACK COROLLA 2009 ZRE141/MATRIX/VIBE 2009 (SHIELD),7,1,6,325,
GH98673,1002447,SHOCK ABSORBER BACK COROLLA 2009 ZRE141/MATRIX/VIBE 2009 (SHIELD),24,24,0,325,
GH98816,1002448,SHOCK ABSORBER BACK HONDA CRV 2002 RD5 (SHIELD),6,4,2,325,
GH98673,1002448,SHOCK ABSORBER BACK HONDA CRV 2002 RD5 (SHIELD),8,8,0,325,
GH98816,1002485,SHOCK ABSORBER BACK RAV4 1998/2004 SXA11/ACA21 (SHIELD),8,6,2,310,
GH98673,1002485,SHOCK ABSORBER BACK RAV4 1998/2004 SXA11/ACA21 (SHIELD),4,4,0,310,
GH98673,1002496,SHOCK ABSORBER ECHO 2000 SCP10 BACK(GOR),6,6,0,310,
GH98907,1002496,SHOCK ABSORBER ECHO 2000 SCP10 BACK(GOR),20,20,0,310,
GH98907,1002499,SHOCK ABSORBER BACK ECHO 2000 NCP10 (SHIELD),0,0,0,310,
GH98770,1002499,SHOCK ABSORBER BACK ECHO 2000 NCP10 (SHIELD),0,0,0,310,
GH98816,1002499,SHOCK ABSORBER BACK ECHO 2000 NCP10 (SHIELD),10,10,0,275,
GH98673,1002499,SHOCK ABSORBER BACK ECHO 2000 NCP10 (SHIELD),0,0,0,275,
GH98673,1002527,SHOCK ABSORBER BACK NISSAN VERSA/TIIDA C11/MARCH 2005 K12 (SHIELD),0,0,0,275,
GH98907,1002527,SHOCK ABSORBER BACK NISSAN VERSA/TIIDA C11/MARCH 2005 K12 (SHIELD),0,0,0,275,
GH98816,1002527,SHOCK ABSORBER BACK NISSAN VERSA/TIIDA C11/MARCH 2005 K12 (SHIELD),10,10,0,275,
GH98770,1002527,SHOCK ABSORBER BACK NISSAN VERSA/TIIDA C11/MARCH 2005 K12 (SHIELD),0,0,0,275,
GH98673,1002533,SHOCK ABSORBER BACK YARIS 2005 KSP90 (SHIELD),0,0,0,275,
GH98770,1002533,SHOCK ABSORBER BACK YARIS 2005 KSP90 (SHIELD),0,0,0,275,
GH98907,1002533,SHOCK ABSORBER BACK YARIS 2005 KSP90 (SHIELD),0,0,0,340,
GH98816,1002533,SHOCK ABSORBER BACK YARIS 2005 KSP90 (SHIELD),20,14,6,340,
,1002533,SHOCK ABSORBER BACK YARIS 2005 KSP90 (SHIELD),0,14,0,340,
GH98673,1002555,SHOCK ABSORBER BACK PRADO 1996 KZJ95/4RUNNER (GAS) (SHIELD),10,10,0,340,
GH98770,1002559,SHOCK ABSORBER FR (2639) (GAS) (SHIELD),0,0,0,340,
GH98673,1002559,SHOCK ABSORBER FR (2639) (GAS) (SHIELD),6,6,0,340,
GH98907,1002559,SHOCK ABSORBER FR (2639) (GAS) (SHIELD),0,0,0,190,
GH98816,1002559,SHOCK ABSORBER FR (2639) (GAS) (SHIELD),12,8,4,260,
GH98673,1002568,SHOCK ABSORBER BACK PRADO 2002/2009 KZJ120/KDJ150 (SHIELD),0,0,0,260,
GH98907,1002568,SHOCK ABSORBER BACK PRADO 2002/2009 KZJ120/KDJ150 (SHIELD),0,0,0,260,
GH98816,1002568,SHOCK ABSORBER BACK PRADO 2002/2009 KZJ120/KDJ150 (SHIELD),6,4,2,200,
GH98673,1002582,SHOCK ABSORBER BACK HILUX VIGO 4WD KUN25 (GAS) (SHIELD),0,0,0,270,
GH98816,1002582,SHOCK ABSORBER BACK HILUX VIGO 4WD KUN25 (GAS) (SHIELD),6,2,4,270,
GH98907,1002582,SHOCK ABSORBER BACK HILUX VIGO 4WD KUN25 (GAS) (SHIELD),8,8,0,185,
GH98770,1002584,SHOCK ABSORBER BACK RAV4 2008 ACA33 (SHIELD),0,0,0,185,
GH98907,1002584,SHOCK ABSORBER BACK RAV4 2008 ACA33 (SHIELD),0,0,0,185,
GH98673,1002584,SHOCK ABSORBER BACK RAV4 2008 ACA33 (SHIELD),0,0,0,185,
GH98816,1002584,SHOCK ABSORBER BACK RAV4 2008 ACA33 (SHIELD),12,8,4,155,
GH98673,1002587,SHOCK ABSORBER BACK COROLLA 2009 S.A. MODEL ZRE152 (SHIELD),10,10,0,155,
GH98816,1002587,SHOCK ABSORBER BACK COROLLA 2009 S.A. MODEL ZRE152 (SHIELD),14,12,2,180,
GH98907,1002587,SHOCK ABSORBER BACK COROLLA 2009 S.A. MODEL ZRE152 (SHIELD),8,8,0,180,
,1002587,SHOCK ABSORBER BACK COROLLA 2009 S.A. MODEL ZRE152 (SHIELD),0,12,0,180,
GH98816,1003150,SHOCK ABSORBER FR (2613) COMMERCIAL CAR (SHIELD),6,6,0,185,
GH98816,1003154,SHOCK ABSORBER BACK (2027) COMMERCIAL CAR/HILUX VIGO (SHIELD),20,20,0,185,
GH98770,1003159,SHOCK ABSORBER BACK (2010) HARDBODY D22 (BIG TUBE) ( SHIELD),0,0,0,185,
GH98673,1003159,SHOCK ABSORBER BACK (2010) HARDBODY D22 (BIG TUBE) ( SHIELD),4,4,0,185,
,1003159,SHOCK ABSORBER BACK (2010) HARDBODY D22 (BIG TUBE) ( SHIELD),0,#N/A,0,160,
GH98816,1003159,SHOCK ABSORBER BACK (2010) HARDBODY D22 (BIG TUBE) ( SHIELD),0,#N/A,0,160,
GH98770,1003162,SHOCK ABSORBER FR (2639) COMMERCIAL CAR (SHIELD),0,0,0,270,
GH98907,1003162,SHOCK ABSORBER FR (2639) COMMERCIAL CAR (SHIELD),0,0,0,270,
GH98770,1003166,SHOCK ABSORBER FR (2635) COMMERCIAL/HARDBODY D22(BIG TUBE)  (SHIELD),0,0,0,270,
GH98907,1003166,SHOCK ABSORBER FR (2635) COMMERCIAL/HARDBODY D22(BIG TUBE)  (SHIELD),4,4,0,195,
GH98816,1003166,SHOCK ABSORBER FR (2635) COMMERCIAL/HARDBODY D22(BIG TUBE)  (SHIELD),8,8,0,195,
GH98816,1003720,SHOCK ABSORBER FR LAND CRUISER 2012 AKUA DONKOR VDJ200/TUNDRA (SHIELD),6,6,0,195,
GH98673,1003720,SHOCK ABSORBER FR LAND CRUISER 2012 AKUA DONKOR VDJ200/TUNDRA (SHIELD),0,0,0,195,
GH98816,1003725,SHOCK ABSOEBER FR LAND CRUISER 2000 HZJ105 (SHIELD),2,2,0,210,
GH98816,1003775,SHOCK ABSORBER BACK LAND CRUISER 2000 HZJ105 (SHIELD),6,4,2,210,
GH98673,1002346,SHOCK ABSORBER FR RH YARIS 2005 KSP90 (SHIELD),2,2,0,190,
GH98816,1002346,SHOCK ABSORBER FR RH YARIS 2005 KSP90 (SHIELD),7,4,3,190,
GH98770,1002346,SHOCK ABSORBER FR RH YARIS 2005 KSP90 (SHIELD),0,0,0,150,
GH98907,1002346,SHOCK ABSORBER FR RH YARIS 2005 KSP90 (SHIELD),3,3,0,150,
GH98907,1002347,SHOCK ABSORBER FR LH YARIS 2005 KSP90 (SHIELD),3,3,0,170,
GH98673,1002347,SHOCK ABSORBER FR LH YARIS 2005 KSP90 (SHIELD),2,2,0,170,
GH98770,1002347,SHOCK ABSORBER FR LH YARIS 2005 KSP90 (SHIELD),0,0,0,170,
GH98816,1002347,SHOCK ABSORBER FR LH YARIS 2005 KSP90 (SHIELD),7,4,3,170,
GH98770,1002368,SHOCK ABSORBER FR RH RAV4 2008 ACA33 (SHIELD),0,0,0,195,
GH98816,1002368,SHOCK ABSORBER FR RH RAV4 2008 ACA33 (SHIELD),7,7,0,195,
,1002368,SHOCK ABSORBER FR RH RAV4 2008 ACA33 (SHIELD),0,7,0,195,
GH98907,1002368,SHOCK ABSORBER FR RH RAV4 2008 ACA33 (SHIELD),0,0,0,195,
GH98673,1002368,SHOCK ABSORBER FR RH RAV4 2008 ACA33 (SHIELD),2,2,0,170,
GH98673,1002371,SHOCK ABSORBER FR LH RAV4 2008 ACA33 (SHIELD),2,2,0,170,
,1002371,SHOCK ABSORBER FR LH RAV4 2008 ACA33 (SHIELD),0,7,0,170,
GH98907,1002371,SHOCK ABSORBER FR LH RAV4 2008 ACA33 (SHIELD),0,0,0,170,
GH98816,1002371,SHOCK ABSORBER FR LH RAV4 2008 ACA33 (SHIELD),7,7,0,170,
GH98770,1002371,SHOCK ABSORBER FR LH RAV4 2008 ACA33 (SHIELD),0,0,0,215,
GH98673,1002374,SHOCK ABSORBER FR RH COROLLA 2009 S.A. MODEL ZRE152 (SHIELD),2,2,0,140,
GH98816,1002374,SHOCK ABSORBER FR RH COROLLA 2009 S.A. MODEL ZRE152 (SHIELD),5,5,0,140,
GH98907,1002374,SHOCK ABSORBER FR RH COROLLA 2009 S.A. MODEL ZRE152 (SHIELD),3,3,0,140,
GH98673,1002375,SHOCK ABSORBER FR LH COROLLA 2009 S.A. MODEL ZRE152 (SHIELD),2,2,0,140,
GH98907,1002375,SHOCK ABSORBER FR LH COROLLA 2009 S.A. MODEL ZRE152 (SHIELD),3,3,0,220,
GH98816,1002375,SHOCK ABSORBER FR LH COROLLA 2009 S.A. MODEL ZRE152 (SHIELD),5,5,0,220,
GH98907,1002376,SHOCK ABSORBER FR RH COROLLA 2009 ZRE141/MATRIX/VIBE 2009 (SHIELD),6,6,0,220,
GH98816,1002376,SHOCK ABSORBER FR RH COROLLA 2009 ZRE141/MATRIX/VIBE 2009 (SHIELD),25,19,6,185,
GH98673,1002376,SHOCK ABSORBER FR RH COROLLA 2009 ZRE141/MATRIX/VIBE 2009 (SHIELD),3,3,0,185,
GH98770,1002376,SHOCK ABSORBER FR RH COROLLA 2009 ZRE141/MATRIX/VIBE 2009 (SHIELD),0,0,0,185,
GH98907,1002377,SHOCK ABSORBER FR LH COROLLA 2009 ZRE141/MATRIX/VIBE 2009 (SHIELD),6,6,0,180,
GH98673,1002377,SHOCK ABSORBER FR LH COROLLA 2009 ZRE141/MATRIX/VIBE 2009 (SHIELD),3,3,0,180,
GH98816,1002377,SHOCK ABSORBER FR LH COROLLA 2009 ZRE141/MATRIX/VIBE 2009 (SHIELD),25,19,6,180,
GH98770,1002377,SHOCK ABSORBER FR LH COROLLA 2009 ZRE141/MATRIX/VIBE 2009 (SHIELD),0,0,0,180,
GH98673,1002380,SHOCK ABSORBER FR RH NISSAN ROGUE S35 (SHIELD),1,1,0,190,
GH98816,1002380,SHOCK ABSORBER FR RH NISSAN ROGUE S35 (SHIELD),2,1,1,270,
GH98816,1009754,SHOCK ABSORBER FR LH  CAMRY 2004 ACV30 (SHIELD),4,4,0,340,
,1009754,SHOCK ABSORBER FR LH  CAMRY 2004 ACV30 (SHIELD),0,4,0,340,
GH98907,1009754,SHOCK ABSORBER FR LH  CAMRY 2004 ACV30 (SHIELD),3,3,0,340,
GH98673,1009755,SHOCK ABSORBER  BACK RH CAMRY 2002 ACV30 (SHIELD),2,2,0,340,
GH98816,1009755,SHOCK ABSORBER  BACK RH CAMRY 2002 ACV30 (SHIELD),3,3,0,340,
GH98816,1009756,SHOCK ABSORBER  BACK LH  CAMRY 2002 ACV30 (SHIELD),3,3,0,340,
GH98673,1009756,SHOCK ABSORBER  BACK LH  CAMRY 2002 ACV30 (SHIELD),2,2,0,240,
GH98673,1009757,SHOCK ABSORBER BACK NISSAN PATHFINDER 2008 R51 (SHIELD),10,10,0,240,
GH98816,1009757,SHOCK ABSORBER BACK NISSAN PATHFINDER 2008 R51 (SHIELD),0,#N/A,0,240,
GH98770,1009760,SHOCK ABSORBER BACK PICANTO NEW TYPE (HOLE AND PIN) (SHIELD),0,0,0,240,
GH98816,1009760,SHOCK ABSORBER BACK PICANTO NEW TYPE (HOLE AND PIN) (SHIELD),14,10,4,195,
GH98907,1009760,SHOCK ABSORBER BACK PICANTO NEW TYPE (HOLE AND PIN) (SHIELD),0,0,0,314,
GH98673,1009760,SHOCK ABSORBER BACK PICANTO NEW TYPE (HOLE AND PIN) (SHIELD),0,0,0,314,
GH98816,1009761,SHOCK ABSORBER HYUNDAI SANTA FE 2000 FR RH (SHIELD),2,2,0,210,
GH98673,1009761,SHOCK ABSORBER HYUNDAI SANTA FE 2000 FR RH (SHIELD),0,0,0,210,
GH98907,1009761,SHOCK ABSORBER HYUNDAI SANTA FE 2000 FR RH (SHIELD),0,0,0,315,
GH98816,1009762,SHOCK ABSORBER HYUNDAI SANTA FE 2000 FR LH (SHIELD),2,2,0,315,
GH98907,1009762,SHOCK ABSORBER HYUNDAI SANTA FE 2000 FR LH (SHIELD),0,0,0,325,
GH98673,1009762,SHOCK ABSORBER HYUNDAI SANTA FE 2000 FR LH (SHIELD),0,0,0,325,
GH98907,1009763,SHOCK ABSORBER BACK SANTA FE 2000 (SHIELD),2,2,0,325,
GH98673,1009763,SHOCK ABSORBER BACK SANTA FE 2000 (SHIELD),10,10,0,195,
GH98816,1009763,SHOCK ABSORBER BACK SANTA FE 2000 (SHIELD),10,8,2,195,
GH98816,1009764,SHOCK ABSORBER FR RH SANTA FE 2006/H-1 2008 (SHIELD),4,3,1,195,
GH98907,1009764,SHOCK ABSORBER FR RH SANTA FE 2006/H-1 2008 (SHIELD),0,0,0,200,
GH98673,1009764,SHOCK ABSORBER FR RH SANTA FE 2006/H-1 2008 (SHIELD),2,2,0,200,
GH98673,1009765,SHOCK ABSORBER FR LH SANTA FE 2006/H-1 2008 (SHIELD),2,2,0,365,
GH98816,1009765,SHOCK ABSORBER FR LH SANTA FE 2006/H-1 2008 (SHIELD),4,3,1,365,
GH98907,1009765,SHOCK ABSORBER FR LH SANTA FE 2006/H-1 2008 (SHIELD),0,0,0,365,
GH98907,1009766,SHOCK ABSORBER BACK SANTA FE 2006/2011(SHIELD),0,0,0,365,
GH98673,1009766,SHOCK ABSORBER BACK SANTA FE 2006/2011(SHIELD),0,0,0,365,
GH98816,1009766,SHOCK ABSORBER BACK SANTA FE 2006/2011(SHIELD),18,18,0,365,
GH98816,1009767,SHOCK ABSORBER FR RH PICANTO 2004/I10 2007 (SHIELD),6,5,1,365,
GH98673,1009767,SHOCK ABSORBER FR RH PICANTO 2004/I10 2007 (SHIELD),0,0,0,365,
GH98907,1009767,SHOCK ABSORBER FR RH PICANTO 2004/I10 2007 (SHIELD),0,0,0,365,
GH98816,1009768,SHOCK ABSORBER FR LH PICANTO 2004/I10 2007 (SHIELD),6,5,1,315,
GH98907,1009768,SHOCK ABSORBER FR LH PICANTO 2004/I10 2007 (SHIELD),0,0,0,315,
GH98673,1009768,SHOCK ABSORBER FR LH PICANTO 2004/I10 2007 (SHIELD),0,0,0,315,
GH98673,1009769,SHOCK ABSORBER BACK I10/PICANTO 2004 (HOLE AND HOLE)(SHILED),0,0,0,315,
GH98816,1009769,SHOCK ABSORBER BACK I10/PICANTO 2004 (HOLE AND HOLE)(SHILED),2,2,0,315,
,1009769,SHOCK ABSORBER BACK I10/PICANTO 2004 (HOLE AND HOLE)(SHILED),0,2,0,315,
GH98770,1009770,SHOCK ABSORBER BACK HYUNDAI ATOS 1997  (SHIELD),0,0,0,330,
GH98673,1009770,SHOCK ABSORBER BACK HYUNDAI ATOS 1997  (SHIELD),8,8,0,330,
GH98816,1009771,SHOCK ABSORBER FR RH HYUNDAI TUCSON/SPORTAGE 2004 (SHIELD),0,#N/A,0,330,
GH98907,1009771,SHOCK ABSORBER FR RH HYUNDAI TUCSON/SPORTAGE 2004 (SHIELD),3,3,0,330,
GH98673,1009771,SHOCK ABSORBER FR RH HYUNDAI TUCSON/SPORTAGE 2004 (SHIELD),3,3,0,330,
GH98673,1009772,SHOCK ABSORBER FR LH HYUNDAI TUCSON/SPORTAGE 2004 (SHIELD),3,3,0,330,
GH98907,1009772,SHOCK ABSORBER FR LH HYUNDAI TUCSON/SPORTAGE 2004 (SHIELD),3,3,0,330,
GH98816,1009772,SHOCK ABSORBER FR LH HYUNDAI TUCSON/SPORTAGE 2004 (SHIELD),0,#N/A,0,330,
GH98816,1009773,SHOCK ABSORBER BACK RH HYUNDAI TUCSON/SPORTAGE 2004 (SHIELD),3,3,0,320,
GH98673,1009773,SHOCK ABSORBER BACK RH HYUNDAI TUCSON/SPORTAGE 2004 (SHIELD),3,3,0,320,
GH98907,1009773,SHOCK ABSORBER BACK RH HYUNDAI TUCSON/SPORTAGE 2004 (SHIELD),4,4,0,320,
GH98816,1009774,SHOCK ABSORBER BACK LH HYUNDAI TUCSON/SPORTAGE 2004 (SHIELD),3,3,0,320,
GH98673,1009774,SHOCK ABSORBER BACK LH HYUNDAI TUCSON/SPORTAGE 2004 (SHIELD),3,3,0,320,
GH98907,1009774,SHOCK ABSORBER BACK LH HYUNDAI TUCSON/SPORTAGE 2004 (SHIELD),4,4,0,320,
GH98816,1009781,SHOCK ABSORBER FR MITSUBISH L200 2005 KB4 (SHIELD),6,6,0,320,
GH98907,1009781,SHOCK ABSORBER FR MITSUBISH L200 2005 KB4 (SHIELD),8,8,0,320,
GH98770,1009781,SHOCK ABSORBER FR MITSUBISH L200 2005 KB4 (SHIELD),0,0,0,325,
GH98673,1009781,SHOCK ABSORBER FR MITSUBISH L200 2005 KB4 (SHIELD),18,18,0,325,
GH98673,1009789,SHOCK ABSORBER BACK MITSUBISH L200 2005 KB4 (GAS) (SHIELD),12,12,0,325,
GH98816,1009789,SHOCK ABSORBER BACK MITSUBISH L200 2005 KB4 (GAS) (SHIELD),4,2,2,325,
GH98907,1009789,SHOCK ABSORBER BACK MITSUBISH L200 2005 KB4 (GAS) (SHIELD),10,10,0,225,
GH98907,1009811,SHOCK ABSORBER  FR HYUNDAI STAREX H200(SHIELD),6,6,0,225,
GH98673,1009811,SHOCK ABSORBER  FR HYUNDAI STAREX H200(SHIELD),2,2,0,175,
GH98673,1009812,SHOCK ABSORBER BACK  HYUNDAI STAREX H200 (SHIELD),6,6,0,175,
GH98816,1010693,SHOCK ABSORBER BACK (GAS) FORD RANGER 2006 BT50 (SHIELD),2,2,0,175,
GH98907,1010746,SHOCK ABSORBER FR RH FORD ESCAPE 2002/MAZDA TRIBUTE EP (SHIELD),2,2,0,175,
GH98673,1010746,SHOCK ABSORBER FR RH FORD ESCAPE 2002/MAZDA TRIBUTE EP (SHIELD),3,3,0,335,
GH98816,1010746,SHOCK ABSORBER FR RH FORD ESCAPE 2002/MAZDA TRIBUTE EP (SHIELD),5,5,0,335,
GH98907,1010747,SHOCK ABSORBER FR LH FORD ESCAPE 2002/MAZDA TRIBUTE EP (SHIELD),2,2,0,335,
GH98816,1010747,SHOCK ABSORBER FR LH FORD ESCAPE 2002/MAZDA TRIBUTE EP (SHIELD),5,5,0,335,
GH98673,1010747,SHOCK ABSORBER FR LH FORD ESCAPE 2002/MAZDA TRIBUTE EP (SHIELD),3,3,0,335,
GH98907,1010748,SHOCK ABSORBER BACK FORD ESCAPE 2002/MAZDA TRIBUTE EP (SHIELD),0,0,0,335,
GH98816,1010748,SHOCK ABSORBER BACK FORD ESCAPE 2002/MAZDA TRIBUTE EP (SHIELD),8,4,4,200,
GH98673,1010748,SHOCK ABSORBER BACK FORD ESCAPE 2002/MAZDA TRIBUTE EP (SHIELD),10,10,0,200,
GH98673,1010754,SHOCK ABSORBER BACK ROGUE/QASHQAI/X-TRAIL 2007-2014 (SHIELD),18,18,0,200,
GH98816,1010754,SHOCK ABSORBER BACK ROGUE/QASHQAI/X-TRAIL 2007-2014 (SHIELD),8,4,4,365,
GH98770,1010755,SHOCK ABSORBER FR LH CAMRY 2012 ACV50 (SHIELD),0,0,0,365,
,1010755,SHOCK ABSORBER FR LH CAMRY 2012 ACV50 (SHIELD),0,5,0,365,
GH98907,1010755,SHOCK ABSORBER FR LH CAMRY 2012 ACV50 (SHIELD),5,5,0,365,
GH98673,1010755,SHOCK ABSORBER FR LH CAMRY 2012 ACV50 (SHIELD),9,9,0,365,
GH98816,1010755,SHOCK ABSORBER FR LH CAMRY 2012 ACV50 (SHIELD),6,5,1,365,
GH98816,1010756,SHOCK ABSORBER FR RH CAMRY 2012 ACV50 (SHIELD),6,5,1,210,
,1010756,SHOCK ABSORBER FR RH CAMRY 2012 ACV50 (SHIELD),0,5,0,210,
GH98770,1010756,SHOCK ABSORBER FR RH CAMRY 2012 ACV50 (SHIELD),0,0,0,210,
GH98907,1010756,SHOCK ABSORBER FR RH CAMRY 2012 ACV50 (SHIELD),5,5,0,260,
GH98673,1010756,SHOCK ABSORBER FR RH CAMRY 2012 ACV50 (SHIELD),9,9,0,260,
GH98816,1007447,SHOCK ABSORBER FR RH HONDA CRV 2009 RE7 (SHIELD),2,1,1,260,
GH98673,1007447,SHOCK ABSORBER FR RH HONDA CRV 2009 RE7 (SHIELD),2,2,0,260,
GH98907,1007447,SHOCK ABSORBER FR RH HONDA CRV 2009 RE7 (SHIELD),0,0,0,260,
GH98673,1007448,SHOCK ABSORBER FR LH HONDA CRV 2009 RE7 (SHIELD),2,2,0,260,
GH98816,1007448,SHOCK ABSORBER FR LH HONDA CRV 2009 RE7 (SHIELD),2,1,1,165,
GH98907,1007448,SHOCK ABSORBER FR LH HONDA CRV 2009 RE7 (SHIELD),0,0,0,165,
GH98907,1007449,SHOCK ABSORBER BACK HONDA CRV 2009 RE7 (SHIELD),6,6,0,165,
GH98816,1007449,SHOCK ABSORBER BACK HONDA CRV 2009 RE7 (SHIELD),4,0,4,165,
GH98673,1007449,SHOCK ABSORBER BACK HONDA CRV 2009 RE7 (SHIELD),4,4,0,165,
GH98770,1007449,SHOCK ABSORBER BACK HONDA CRV 2009 RE7 (SHIELD),0,0,0,315,
GH98907,1008235,SHOCK ABSORBER BACK NISSAN MURANO 2004 Z50 (SHIELD),4,4,0,315,
GH98673,1009741,SHOCK ABSORBER FR LH MAZDA3 /FOCUS 2004 (SHIELD),0,0,0,315,
GH98673,1009742,SHOCK ABSORBER FR RH MAZDA 3/FOCUS 2004 (SHIELD),0,0,0,315,
GH98673,1009743,SHOCK ABSORBER BACK FORD FOCUS/MAZDA 3 2005 M3 (SHIELD),10,10,0,315,
,1009743,SHOCK ABSORBER BACK FORD FOCUS/MAZDA 3 2005 M3 (SHIELD),0,#N/A,0,315,
GH98907,1009749,SHOCK ABSORBER FR LH CAMRY 2007 ACV40  (SHIELD),3,3,0,340,
GH98770,1009749,SHOCK ABSORBER FR LH CAMRY 2007 ACV40  (SHIELD),0,0,0,340,
GH98673,1009749,SHOCK ABSORBER FR LH CAMRY 2007 ACV40  (SHIELD),9,9,0,340,
GH98816,1009749,SHOCK ABSORBER FR LH CAMRY 2007 ACV40  (SHIELD),3,2,1,340,
GH98673,1009750,SHOCK ABSORBER FR RH CAMRY 2007 ACV40  (SHIELD),9,9,0,340,
GH98907,1009750,SHOCK ABSORBER FR RH CAMRY 2007 ACV40  (SHIELD),3,3,0,340,
GH98770,1009750,SHOCK ABSORBER FR RH CAMRY 2007 ACV40  (SHIELD),0,0,0,240,
GH98816,1009750,SHOCK ABSORBER FR RH CAMRY 2007 ACV40  (SHIELD),3,2,1,240,
GH98816,1009751,SHOCK ABSORBER BACK RH CAMRY 2007 ACV40  (SHIELD),4,4,0,240,
GH98907,1009751,SHOCK ABSORBER BACK RH CAMRY 2007 ACV40  (SHIELD),6,6,0,240,
GH98770,1009751,SHOCK ABSORBER BACK RH CAMRY 2007 ACV40  (SHIELD),0,0,0,170,
GH98673,1009751,SHOCK ABSORBER BACK RH CAMRY 2007 ACV40  (SHIELD),4,4,0,170,
GH98770,1009752,SHOCK ABSORBER BACK LH CAMRY 2007 ACV40  (SHIELD),0,0,0,170,
GH98816,1009752,SHOCK ABSORBER BACK LH CAMRY 2007 ACV40  (SHIELD),4,4,0,150,
GH98673,1009752,SHOCK ABSORBER BACK LH CAMRY 2007 ACV40  (SHIELD),4,4,0,150,
GH98907,1009752,SHOCK ABSORBER BACK LH CAMRY 2007 ACV40  (SHIELD),6,6,0,175,
,1009753,SHOCK ABSORBER FR RH  CAMRY 2004 ACV30 (SHIELD),0,4,0,175,
GH98816,1009753,SHOCK ABSORBER FR RH  CAMRY 2004 ACV30 (SHIELD),4,4,0,325,
GH98673,1009753,SHOCK ABSORBER FR RH  CAMRY 2004 ACV30 (SHIELD),2,2,0,325,
GH98907,1009753,SHOCK ABSORBER FR RH  CAMRY 2004 ACV30 (SHIELD),3,3,0,325,
GH98673,1009754,SHOCK ABSORBER FR LH  CAMRY 2004 ACV30 (SHIELD),2,2,0,520,
GH98907,1010757,SHOCK ABSORBER BACK LH CAMRY 2012 ACV50 (SHIELD),1,1,0,520,
GH98673,1010757,SHOCK ABSORBER BACK LH CAMRY 2012 ACV50 (SHIELD),0,0,0,520,
GH98816,1010757,SHOCK ABSORBER BACK LH CAMRY 2012 ACV50 (SHIELD),6,5,1,520,
GH98770,1010757,SHOCK ABSORBER BACK LH CAMRY 2012 ACV50 (SHIELD),0,0,0,520,
GH98816,1010758,SHOCK ABSORBER BACK RH CAMRY 2012 ACV50 (SHIELD),6,5,1,520,
GH98770,1010758,SHOCK ABSORBER BACK RH CAMRY 2012 ACV50 (SHIELD),0,0,0,501,
GH98907,1010758,SHOCK ABSORBER BACK RH CAMRY 2012 ACV50 (SHIELD),1,1,0,501,
GH98673,1010758,SHOCK ABSORBER BACK RH CAMRY 2012 ACV50 (SHIELD),0,0,0,501,
GH98770,1010759,SHOCK ABSORBER FR PAJERO 2002/2008 V73/V97 (SHIELD),0,0,0,501,
GH98673,1010759,SHOCK ABSORBER FR PAJERO 2002/2008 V73/V97 (SHIELD),8,8,0,501,
GH98816,1010759,SHOCK ABSORBER FR PAJERO 2002/2008 V73/V97 (SHIELD),8,6,2,501,
GH98907,1010759,SHOCK ABSORBER FR PAJERO 2002/2008 V73/V97 (SHIELD),8,8,0,473,
GH98907,1010764,SHOCK ABSORBER FR LH ACCENT/RIO 5 2005 (SHIELD),3,3,0,242,
GH98816,1010764,SHOCK ABSORBER FR LH ACCENT/RIO 5 2005 (SHIELD),3,2,1,230,
GH98673,1010764,SHOCK ABSORBER FR LH ACCENT/RIO 5 2005 (SHIELD),2,2,0,230,
GH98770,1010764,SHOCK ABSORBER FR LH ACCENT/RIO 5 2005 (SHIELD),0,0,0,455,
GH98770,1010765,SHOCK ABSORBER FR RH ACCENT/RIO 5 2005 (SHIELD),0,0,0,455,
GH98673,1011092,SHOCK ABSORBER FR RH DAEWOO KALOS/CHEVROLET AVEO T200 (SHIELD),6,6,0,365,
GH98816,1011092,SHOCK ABSORBER FR RH DAEWOO KALOS/CHEVROLET AVEO T200 (SHIELD),4,4,0,365,
GH98816,1011093,SHOCK ABSORBER FR LH DAEWOO KALOS/CHEVROLET AVEO T200 (SHIELD),4,4,0,365,
GH98673,1011093,SHOCK ABSORBER FR LH DAEWOO KALOS/CHEVROLET AVEO T200 (SHIELD),6,6,0,365,
GH98907,1011093,SHOCK ABSORBER FR LH DAEWOO KALOS/CHEVROLET AVEO T200 (SHIELD),0,0,0,365,
GH98673,1011096,SHOCK ABSORBER BACK DAEWOO KALOS/CHEVROLET AVEO T200 (SHIELD),0,0,0,365,
GH98816,1011096,SHOCK ABSORBER BACK DAEWOO KALOS/CHEVROLET AVEO T200 (SHIELD),0,#N/A,0,365,
GH98770,1011096,SHOCK ABSORBER BACK DAEWOO KALOS/CHEVROLET AVEO T200 (SHIELD),0,0,0,365,
GH98673,1011097,SHOCK ABSORBER BACK HONDA PILOT 2003 YF1/ACURA MDX 2002 YD1 (SHIELD),2,2,0,365,
GH98673,1011098,SHOCK ABSORBER BACK CHEVROLET CRUZE 2009 J300 (SHIELD),14,14,0,260,
GH98673,1011135,SHOCK ABSORBER FR RH NISSAN JUKE F15 (SHIELD),3,3,0,260,
GH98816,1011135,SHOCK ABSORBER FR RH NISSAN JUKE F15 (SHIELD),2,2,0,260,
GH98673,1011136,SHOCK ABSORBER FR LH NISSAN JUKE F15 (SHIELD),3,3,0,260,
GH98816,1011136,SHOCK ABSORBER FR LH NISSAN JUKE F15 (SHIELD),2,2,0,300,
GH98673,1011137,SHOCK ABSORBER BACK NISSAN JUKE F15 (SHIELD),8,8,0,300,
GH98770,1011137,SHOCK ABSORBER BACK NISSAN JUKE F15 (SHIELD),0,0,0,300,
GH98816,1011137,SHOCK ABSORBER BACK NISSAN JUKE F15 (SHIELD),6,6,0,300,
GH98673,1011184,SHOCK ABSORBER BACK HYUNDAI H-1 2008 (SHIELD),12,12,0,300,
GH98907,1011184,SHOCK ABSORBER BACK HYUNDAI H-1 2008 (SHIELD),8,8,0,300,
GH98816,1011187,SHOCK ABSORBER FR RH SENTRA B16 (SHIELD),4,4,0,300,
GH98770,1011187,SHOCK ABSORBER FR RH SENTRA B16 (SHIELD),0,0,0,300,
GH98673,1011187,SHOCK ABSORBER FR RH SENTRA B16 (SHIELD),2,2,0,300,
GH98673,1011188,SHOCK ABSORBER FR LH SENTRA B16 (SHIELD),2,2,0,300,
GH98816,1011188,SHOCK ABSORBER FR LH SENTRA B16 (SHIELD),4,4,0,300,
GH98770,1011188,SHOCK ABSORBER FR LH SENTRA B16 (SHIELD),0,0,0,300,
GH98816,1011189,SHOCK ABSORBER FR RH CIVIC 2006 FD (SHIELD),0,#N/A,0,175,
GH98907,1011189,SHOCK ABSORBER FR RH CIVIC 2006 FD (SHIELD),0,0,0,175,
GH98673,1011189,SHOCK ABSORBER FR RH CIVIC 2006 FD (SHIELD),1,1,0,175,
GH98816,1011190,SHOCK ABSORBER FR LH CIVIC 2006 FD (SHIELD),0,#N/A,0,355,
GH98907,1011190,SHOCK ABSORBER FR LH CIVIC 2006 FD (SHIELD),0,0,0,355,
GH98673,1011190,SHOCK ABSORBER FR LH CIVIC 2006 FD (SHIELD),1,1,0,355,
GH98673,1011205,SHOCK ABSORBER FR LH HONDA PILOT 2009 YF4/ACURA MDX 2007 YD2 (SHIELD),1,1,0,355,
GH98816,1011205,SHOCK ABSORBER FR LH HONDA PILOT 2009 YF4/ACURA MDX 2007 YD2 (SHIELD),2,1,1,355,
GH98816,1011206,SHOCK ABSORBER FR RH HONDA PILOT 2009 YF4/ACURA MDX 2007 YD2 (SHIELD),2,1,1,355,
GH98673,1011206,SHOCK ABSORBER FR RH HONDA PILOT 2009 YF4/ACURA MDX 2007 YD2 (SHIELD),1,1,0,355,
GH98816,1011207,SHOCK ABSORBER BACK HONDA PILOT 2009 YF4 (SHIELD),0,#N/A,0,355,
GH98673,1011207,SHOCK ABSORBER BACK HONDA PILOT 2009 YF4 (SHIELD),6,6,0,335,
GH98673,1011208,SHOCK ABSORBER BACK ACCENT 2012/ELANTRA 2012/CERATO 2008/I10 2012/KIA SOUL/RIO 2011 (SHIELD),10,10,0,335,
GH98907,1011208,SHOCK ABSORBER BACK ACCENT 2012/ELANTRA 2012/CERATO 2008/I10 2012/KIA SOUL/RIO 2011 (SHIELD),0,0,0,335,
GH98816,1011208,SHOCK ABSORBER BACK ACCENT 2012/ELANTRA 2012/CERATO 2008/I10 2012/KIA SOUL/RIO 2011 (SHIELD),10,0,10,335,
GH98673,1011209,SHOCK ABSORBER FR LH ACCENT 2012/RIO 2011 (SHIELD),0,0,0,250,
GH98816,1011209,SHOCK ABSORBER FR LH ACCENT 2012/RIO 2011 (SHIELD),5,5,0,250,
GH98907,1011209,SHOCK ABSORBER FR LH ACCENT 2012/RIO 2011 (SHIELD),0,0,0,250,
GH98770,1011209,SHOCK ABSORBER FR LH ACCENT 2012/RIO 2011 (SHIELD),0,0,0,250,
GH98816,1011210,SHOCK ABSORBER FR RH ACCENT 2012/RIO 2011 (SHIELD),5,5,0,265,
GH98770,1011210,SHOCK ABSORBER FR RH ACCENT 2012/RIO 2011 (SHIELD),0,0,0,225,
GH98673,1011210,SHOCK ABSORBER FR RH ACCENT 2012/RIO 2011 (SHIELD),0,0,0,225,
GH98907,1011210,SHOCK ABSORBER FR RH ACCENT 2012/RIO 2011 (SHIELD),0,0,0,225,
GH98907,1011417,SHOCK ABSORBER FR RH (BIG TUBE)COROLLA S ZZE130 (SHIELD),3,3,0,225,
GH98770,1011417,SHOCK ABSORBER FR RH (BIG TUBE)COROLLA S ZZE130 (SHIELD),0,0,0,275,
GH98673,1011417,SHOCK ABSORBER FR RH (BIG TUBE)COROLLA S ZZE130 (SHIELD),5,5,0,275,
GH98816,1011417,SHOCK ABSORBER FR RH (BIG TUBE)COROLLA S ZZE130 (SHIELD),10,5,5,300,
GH98816,1011418,SHOCK ABSORBER FR LH (BIG TUBE)COROLLA S ZZE130 (SHIELD),10,5,5,300,
GH98907,1011418,SHOCK ABSORBER FR LH (BIG TUBE)COROLLA S ZZE130 (SHIELD),3,3,0,300,
GH98673,1011418,SHOCK ABSORBER FR LH (BIG TUBE)COROLLA S ZZE130 (SHIELD),5,5,0,300,
GH98770,1011418,SHOCK ABSORBER FR LH (BIG TUBE)COROLLA S ZZE130 (SHIELD),0,0,0,300,
GH98816,1011513,SHOCK ABSORBER BACK RH CHEVROLET OPTRA J200/SUZUKI FORENZA (SHIELD),4,4,0,300,
GH98673,1011513,SHOCK ABSORBER BACK RH CHEVROLET OPTRA J200/SUZUKI FORENZA (SHIELD),1,1,0,195,
GH98907,1011513,SHOCK ABSORBER BACK RH CHEVROLET OPTRA J200/SUZUKI FORENZA (SHIELD),4,4,0,195,
GH98907,1011514,SHOCK ABSORBER BACK LH CHEVROLET OPTRA J200/SUZUKI FORENZA (SHIELD),4,4,0,195,
GH98816,1011514,SHOCK ABSORBER BACK LH CHEVROLET OPTRA J200/SUZUKI FORENZA (SHIELD),4,4,0,187,
GH98673,1011514,SHOCK ABSORBER BACK LH CHEVROLET OPTRA J200/SUZUKI FORENZA (SHIELD),1,1,0,195,
GH98673,1011515,SHOCK ABSORBER FR RH CHEVROLET OPTRA J200/SUZUKI FORENZA (SHIELD),5,5,0,360,
GH98907,1011515,SHOCK ABSORBER FR RH CHEVROLET OPTRA J200/SUZUKI FORENZA (SHIELD),3,3,0,360,
GH98816,1011515,SHOCK ABSORBER FR RH CHEVROLET OPTRA J200/SUZUKI FORENZA (SHIELD),3,3,0,360,
GH98907,1011516,SHOCK ABSORBER FR LH CHEVROLET OPTRA J200/SUZUKI FORENZA (SHIELD),3,3,0,360,
GH98673,1011516,SHOCK ABSORBER FR LH CHEVROLET OPTRA J200/SUZUKI FORENZA (SHIELD),5,5,0,230,
GH98816,1011516,SHOCK ABSORBER FR LH CHEVROLET OPTRA J200/SUZUKI FORENZA (SHIELD),3,3,0,230,
GH98816,1011517,SHOCK ABSORBER FR RH MAZDA CX-9 (SHIELD),4,4,0,230,
GH98673,1011517,SHOCK ABSORBER FR RH MAZDA CX-9 (SHIELD),1,1,0,200,
GH98770,1011517,SHOCK ABSORBER FR RH MAZDA CX-9 (SHIELD),0,0,0,200,
GH98770,1011518,SHOCK ABSORBER FR LH MAZDA CX-9 (SHIELD),0,0,0,345,
GH98816,1011518,SHOCK ABSORBER FR LH MAZDA CX-9 (SHIELD),4,4,0,345,
GH98673,1011518,SHOCK ABSORBER FR LH MAZDA CX-9 (SHIELD),1,1,0,345,
GH98673,1011519,SHOCK ABSORBER FR RH MAZDA CX-7 (SHIELD),0,0,0,345,
GH98770,1011519,SHOCK ABSORBER FR RH MAZDA CX-7 (SHIELD),0,0,0,345,
GH98816,1011519,SHOCK ABSORBER FR RH MAZDA CX-7 (SHIELD),2,2,0,345,
GH98673,1011520,SHOCK ABSORBER FR LH MAZDA CX-7 (SHIELD),0,0,0,320,
GH98770,1011520,SHOCK ABSORBER FR LH MAZDA CX-7 (SHIELD),0,0,0,320,
GH98816,1011520,SHOCK ABSORBER FR LH MAZDA CX-7 (SHIELD),2,2,0,320,
GH98816,1011521,SHOCK ABSORBER FR FORD F-150 2011 2WD (HEAVY DUTY)(SHIELD),4,4,0,320,
GH98673,1011522,SHOCK ABSORBER BACK MAZDA CX-9 (SHIELD),0,0,0,320,
GH98816,1011524,SHOCK ABSORBER BACK SONATA 2008 (SHIELD),10,10,0,320,
GH98673,1011524,SHOCK ABSORBER BACK SONATA 2008 (SHIELD),2,2,0,457,
GH98770,1011616,SHOCK ABSORBER FR RH FORD EDGE 2007 (HEAVY DUTY)(SHIELD),0,0,0,457,
GH98816,1011616,SHOCK ABSORBER FR RH FORD EDGE 2007 (HEAVY DUTY)(SHIELD),0,1,0,457,
GH98770,1011617,SHOCK ABSORBER FR LH FORD EDGE 2007 (HEAVY DUTY)(SHIELD),0,0,0,457,
GH98673,1010765,SHOCK ABSORBER FR RH ACCENT/RIO 5 2005 (SHIELD),2,2,0,270,
GH98816,1010765,SHOCK ABSORBER FR RH ACCENT/RIO 5 2005 (SHIELD),3,2,1,270,
GH98907,1010765,SHOCK ABSORBER FR RH ACCENT/RIO 5 2005 (SHIELD),3,3,0,180,
GH98673,1010767,SHOCK ABSORBER FR LH ELANTRA 2008 (SHIELD),2,2,0,180,
GH98816,1010767,SHOCK ABSORBER FR LH ELANTRA 2008 (SHIELD),3,2,1,180,
GH98816,1010768,SHOCK ABSORBER FR RH ELANTRA 2008 (SHIELD),3,2,1,300,
GH98673,1010768,SHOCK ABSORBER FR RH ELANTRA 2008 (SHIELD),2,2,0,300,
GH98673,1010769,SHOCK ABSORBER BACK ELANTRA 2006/CERATO 2010 (SHILED),0,0,0,300,
GH98816,1010769,SHOCK ABSORBER BACK ELANTRA 2006/CERATO 2010 (SHILED),12,8,4,300,
GH98816,1010786,SHOCK ABSORBER BACK (GAS) NAVARA 2005 D40T (SHIELD),6,6,0,300,
GH98673,1010986,SHOCK ABSORBER FR RH KIA CERATO 2004/SPECTRA 5 (SHIELD),3,3,0,300,
GH98907,1010986,SHOCK ABSORBER FR RH KIA CERATO 2004/SPECTRA 5 (SHIELD),2,2,0,300,
GH98673,1010987,SHOCK ABSORBER FR LH KIA CERATO 2004/SPECTRA 5 (SHIELD),3,3,0,300,
GH98907,1010987,SHOCK ABSORBER FR LH KIA CERATO 2004/SPECTRA 5 (SHIELD),2,2,0,265,
GH98907,1010988,SHOCK ABSORBER BACK RH KIA CERATO 2004/ELANTRA 2000/SPECTRA 5 (SHIELD),4,4,0,265,
GH98673,1010988,SHOCK ABSORBER BACK RH KIA CERATO 2004/ELANTRA 2000/SPECTRA 5 (SHIELD),0,0,0,265,
GH98673,1010989,SHOCK ABSORBER BACK LH KIA CERATO 2004/ELANTRA 2000/SPECTRA 5 (SHIELD),0,0,0,265,
GH98907,1010989,SHOCK ABSORBER BACK LH KIA CERATO 2004/ELANTRA 2000/SPECTRA 5 (SHIELD),4,4,0,265,
GH98673,1010990,SHOCK ABSORBER FR RH JEEP/DODGE CALIBER 2007-2008 (SHIELD),1,1,0,265,
GH98907,1010990,SHOCK ABSORBER FR RH JEEP/DODGE CALIBER 2007-2008 (SHIELD),1,1,0,265,
GH98673,1010991,SHOCK ABSORBER FR LH JEEP/DODGE CALIBER 2007-2008 (SHIELD),1,1,0,265,
GH98907,1010991,SHOCK ABSORBER FR LH JEEP/DODGE CALIBER 2007-2008 (SHIELD),1,1,0,360,
GH98907,1010992,SHOCK ABSORBER FR RH HONDA ACCORD 2008 (SHIELD),3,3,0,360,
GH98673,1010992,SHOCK ABSORBER FR RH HONDA ACCORD 2008 (SHIELD),4,4,0,360,
GH98907,1010993,SHOCK ABSORBER FR LH HONDA ACCORD 2008 (SHIELD),3,3,0,360,
GH98673,1010993,SHOCK ABSORBER FR LH HONDA ACCORD 2008 (SHIELD),4,4,0,360,
GH98907,1010994,SHOCK ABSORBER BACK HONDA ACCORD 2008/2013 (SHIELD),0,0,0,360,
GH98907,1010995,SHOCK ABSORBER BACK DODGE CALIBER/JEEP PATRIOT (SHIELD),2,2,0,360,
GH98770,1010995,SHOCK ABSORBER BACK DODGE CALIBER/JEEP PATRIOT (SHIELD),0,0,0,360,
GH98816,1010995,SHOCK ABSORBER BACK DODGE CALIBER/JEEP PATRIOT (SHIELD),10,8,2,360,
GH98673,1010995,SHOCK ABSORBER BACK DODGE CALIBER/JEEP PATRIOT (SHIELD),14,14,0,360,
GH98673,1010997,SHOCK ABSORBER FR RH KIA SORENTO 2006 (SHIELD),0,0,0,360,
GH98673,1010998,SHOCK ABSORBER FR LH KIA SORENTO 2006 (SHIELD),0,0,0,360,
GH98907,1011092,SHOCK ABSORBER FR RH DAEWOO KALOS/CHEVROLET AVEO T200 (SHIELD),0,0,0,455,
GH98673,1011684,SHOCK ABSORBER FR RH SANTA FE 2013/SORENTO 2009 (SHILED),0,0,0,455,
GH98816,1011684,SHOCK ABSORBER FR RH SANTA FE 2013/SORENTO 2009 (SHILED),3,3,0,300,
GH98907,1011684,SHOCK ABSORBER FR RH SANTA FE 2013/SORENTO 2009 (SHILED),1,1,0,300,
GH98673,1011685,SHOCK ABSORBER FR RH KIA SOUL 2008 (SHIELD),1,1,0,300,
GH98816,1011685,SHOCK ABSORBER FR RH KIA SOUL 2008 (SHIELD),0,#N/A,0,300,
GH98673,1011686,SHOCK ABSORBER FR LH KIA SOUL 2008 (SHIELD),1,1,0,300,
GH98816,1011686,SHOCK ABSORBER FR LH KIA SOUL 2008 (SHIELD),0,#N/A,0,300,
GH98907,1011687,SHOCK ABSORBER FR LH IX35/SPORTAGE/TUCSON 2009 (SHIELD),0,0,0,600,
GH98673,1011687,SHOCK ABSORBER FR LH IX35/SPORTAGE/TUCSON 2009 (SHIELD),1,1,0,325,
GH98816,1011687,SHOCK ABSORBER FR LH IX35/SPORTAGE/TUCSON 2009 (SHIELD),3,2,1,325,
GH98816,1011688,SHOCK ABSORBER FR RH IX35/SPORTAGE/TUCSON 2009 (SHIELD),3,2,1,600,
GH98907,1011688,SHOCK ABSORBER FR RH IX35/SPORTAGE/TUCSON 2009 (SHIELD),0,0,0,325,
GH98673,1011688,SHOCK ABSORBER FR RH IX35/SPORTAGE/TUCSON 2009 (SHIELD),1,1,0,325,
GH98673,1011689,SHOCK ABSORBER FR RH SONATA 2011/OPTIMA 2011 (SHIELD),0,0,0,340,
GH98816,1011689,SHOCK ABSORBER FR RH SONATA 2011/OPTIMA 2011 (SHIELD),0,#N/A,0,340,
GH98673,1011690,SHOCK ABSORBER FR LH SONATA 2011/OPTIMA 2011 (SHIELD),0,0,0,340,
GH98816,1011690,SHOCK ABSORBER FR LH SONATA 2011/OPTIMA 2011 (SHIELD),0,#N/A,0,340,
,1011691,SHOCK ABSORBER FR LH ELANTRA 2012 (SHIELD),0,7,0,340,
GH98816,1011691,SHOCK ABSORBER FR LH ELANTRA 2012 (SHIELD),13,7,6,340,
GH98907,1011691,SHOCK ABSORBER FR LH ELANTRA 2012 (SHIELD),0,0,0,340,
GH98673,1011691,SHOCK ABSORBER FR LH ELANTRA 2012 (SHIELD),0,0,0,335,
,1011692,SHOCK ABSORBER FR RH ELANTRA 2012 (SHIELD),0,7,0,335,
GH98816,1011692,SHOCK ABSORBER FR RH ELANTRA 2012 (SHIELD),13,7,6,335,
GH98673,1011692,SHOCK ABSORBER FR RH ELANTRA 2012 (SHIELD),0,0,0,335,
GH98907,1011692,SHOCK ABSORBER FR RH ELANTRA 2012 (SHIELD),0,0,0,455,
GH98816,1011695,SHOCK ABSORBER BACK PICANTO 2011 (SHIELD),0,#N/A,0,455,
GH98816,1011697,SHOCK ABSORBER FR LH FORD ESCAPE 2012 (SHIELD),4,4,0,455,
GH98770,1011697,SHOCK ABSORBER FR LH FORD ESCAPE 2012 (SHIELD),0,0,0,455,
GH98907,1011697,SHOCK ABSORBER FR LH FORD ESCAPE 2012 (SHIELD),1,1,0,380,
GH98673,1011697,SHOCK ABSORBER FR LH FORD ESCAPE 2012 (SHIELD),0,0,0,380,
GH98816,1011698,SHOCK ABSORBER FR RH FORD ESCAPE 2012 (SHIELD),4,4,0,380,
GH98770,1011698,SHOCK ABSORBER FR RH FORD ESCAPE 2012 (SHIELD),0,0,0,380,
GH98673,1011698,SHOCK ABSORBER FR RH FORD ESCAPE 2012 (SHIELD),0,0,0,380,
GH98907,1011698,SHOCK ABSORBER FR RH FORD ESCAPE 2012 (SHIELD),1,1,0,340,
GH98673,1011699,SHOCK ABSORBER BACK RH ACCENT/VERNA 2003 (SHIELD),0,0,0,340,
GH98907,1011699,SHOCK ABSORBER BACK RH ACCENT/VERNA 2003 (SHIELD),1,1,0,340,
GH98673,1011700,SHOCK ABSORBER BACK LH ACCENT/VERNA 2003 (SHIELD),0,0,0,340,
GH98907,1011700,SHOCK ABSORBER BACK LH ACCENT/VERNA 2003 (SHIELD),1,1,0,340,
GH98907,1011701,SHOCK ABSORBER FR RH NISSAN ALTIMA 2.5 L31 (SHILED),1,1,0,340,
GH98816,1011701,SHOCK ABSORBER FR RH NISSAN ALTIMA 2.5 L31 (SHILED),2,2,0,340,
GH98673,1011701,SHOCK ABSORBER FR RH NISSAN ALTIMA 2.5 L31 (SHILED),0,0,0,340,
GH98907,1011702,SHOCK ABSORBER FR LH NISSAN ALTIMA 2.5 L31 (SHIELD),1,1,0,340,
GH98816,1011702,SHOCK ABSORBER FR LH NISSAN ALTIMA 2.5 L31 (SHIELD),2,2,0,340,
GH98673,1011702,SHOCK ABSORBER FR LH NISSAN ALTIMA 2.5 L31 (SHIELD),0,0,0,340,
GH98816,1011704,SHOCK ABSORBER FR RH OUTLANDER 2006/2012 CW5 (SHIELD),0,#N/A,0,340,
GH98673,1011704,SHOCK ABSORBER FR RH OUTLANDER 2006/2012 CW5 (SHIELD),3,3,0,340,
GH98770,1011704,SHOCK ABSORBER FR RH OUTLANDER 2006/2012 CW5 (SHIELD),0,0,0,340,
GH98770,1011705,SHOCK ABSORBER FR LH OUTLANDER 2006/2012 CW5 (SHIELD),0,0,0,340,
GH98673,1011705,SHOCK ABSORBER FR LH OUTLANDER 2006/2012 CW5 (SHIELD),3,3,0,345,
GH98816,1011705,SHOCK ABSORBER FR LH OUTLANDER 2006/2012 CW5 (SHIELD),0,#N/A,0,345,
GH98673,1011711,SHOCK ABSORBER BACK NISSAN ALTIMA 2.5 L31 (SHIELD),6,6,0,345,
GH98907,1011713,SHOCK ABSORBER BACK MURANO 2012 Z51 (SHIELD),0,0,0,345,
GH98673,1011714,SHOCK ABSORBER BACK IX35/SPORTAGE/TUCSON 2010 4WD (SHIELD),0,0,0,345,
GH98816,1011714,SHOCK ABSORBER BACK IX35/SPORTAGE/TUCSON 2010 4WD (SHIELD),12,6,6,345,
GH98816,1011717,SHOCK ABSORBER BACK RIO 5 2005/ACCENT 2006 (SHIELD),2,0,2,360,
GH98907,1011717,SHOCK ABSORBER BACK RIO 5 2005/ACCENT 2006 (SHIELD),0,0,0,360,
GH98673,1011717,SHOCK ABSORBER BACK RIO 5 2005/ACCENT 2006 (SHIELD),8,8,0,360,
GH98816,1012140,SHOCK ABSORBER BACK HONDA CIVIC 2006 FD/2013 (SHIELD),16,16,0,360,
GH98907,1012140,SHOCK ABSORBER BACK HONDA CIVIC 2006 FD/2013 (SHIELD),0,0,0,330,
GH98673,1012140,SHOCK ABSORBER BACK HONDA CIVIC 2006 FD/2013 (SHIELD),2,2,0,330,
GH98907,1012141,SHOCK ABSORBER FR RH ELANTRA 2002 (SHIELD),0,0,0,330,
GH98673,1012141,SHOCK ABSORBER FR RH ELANTRA 2002 (SHIELD),3,3,0,330,
GH98816,1012142,SHOCK ABSORBER FR LH ELANTRA 2002 (SHIELD),0,#N/A,0,330,
GH98907,1012142,SHOCK ABSORBER FR LH ELANTRA 2002 (SHIELD),0,0,0,330,
GH98673,1012142,SHOCK ABSORBER FR LH ELANTRA 2002 (SHIELD),3,3,0,335,
GH98907,1012143,SHOCK ABSORBER BACK RH MAZDA 323/PROTEGE (SHIELD),0,0,0,335,
GH98907,1012144,SHOCK ABSORBER BACK LH MAZDA 323/PROTEGE (SHIELD),0,0,0,335,
GH98673,1012145,SHOCK ABSORBER FR RH KIA SEPHIA II/SHUMA 2005(SHIELD),0,0,0,335,
GH98907,1012145,SHOCK ABSORBER FR RH KIA SEPHIA II/SHUMA 2005(SHIELD),0,0,0,300,
GH98907,1012146,SHOCK ABSORBER FR LH KIA SEPHIA II/SHUMA 2005 (SHIELD),0,0,0,300,
GH98673,1012146,SHOCK ABSORBER FR LH KIA SEPHIA II/SHUMA 2005 (SHIELD),0,0,0,300,
GH98907,1012149,SHOCK ABSORBER BACK RH KIA SEPHIA II/SHUMA 2005 (SHIELD),3,3,0,300,
GH98907,1012150,SHOCK ABSORBER BACK LH KIA SEPHIA II/SHUMA 2005 (SHIELD),3,3,0,300,
GH98816,1012155,SHOCK ABSORBER BACK RH CAMRY 2006 ACV30 (OWUSU ANSAH)(SHIELD),4,4,0,300,
GH98673,1012155,SHOCK ABSORBER BACK RH CAMRY 2006 ACV30 (OWUSU ANSAH)(SHIELD),2,2,0,300,
GH98673,1012156,SHOCK ABSORBER BACK LH CAMRY 2006 ACV30 (OWUSU ANSAH) (SHIELD),2,2,0,300,
GH98816,1012156,SHOCK ABSORBER BACK LH CAMRY 2006 ACV30 (OWUSU ANSAH) (SHIELD),4,4,0,175,
GH98673,1012157,SHOCK ABSORBER FR RH CHEVROLET MALIBU 2008 (SHIELD),2,2,0,400,
GH98816,1012157,SHOCK ABSORBER FR RH CHEVROLET MALIBU 2008 (SHIELD),1,1,0,400,
GH98816,1012158,SHOCK ABSORBER FR LH CHEVROLET MALIBU 2008 (SHIELD),1,1,0,400,
GH98673,1012158,SHOCK ABSORBER FR LH CHEVROLET MALIBU 2008 (SHIELD),2,2,0,400,
GH98816,1012159,SHOCK ABSORBER FR LH ALTIMA 3.5 2008 L32 (SHIELD),2,1,1,400,
GH98673,1012159,SHOCK ABSORBER FR LH ALTIMA 3.5 2008 L32 (SHIELD),1,1,0,400,
GH98907,1012159,SHOCK ABSORBER FR LH ALTIMA 3.5 2008 L32 (SHIELD),2,2,0,400,
GH98673,1012160,SHOCK ABSORBER FR RH ALTIMA 3.5 2008 L32 (SHIELD),1,1,0,400,
GH98907,1012160,SHOCK ABSORBER FR RH ALTIMA 3.5 2008 L32 (SHIELD),2,2,0,275,
GH98816,1012160,SHOCK ABSORBER FR RH ALTIMA 3.5 2008 L32 (SHIELD),2,1,1,275,
GH98816,1011617,SHOCK ABSORBER FR LH FORD EDGE 2007 (HEAVY DUTY)(SHIELD),0,1,0,275,
GH98816,1011620,SHOCK ABSORBER FR RH MATRIX/VIBE 2003 ZZE136 (SHIELD),4,3,1,275,
GH98673,1011620,SHOCK ABSORBER FR RH MATRIX/VIBE 2003 ZZE136 (SHIELD),3,3,0,320,
GH98907,1011620,SHOCK ABSORBER FR RH MATRIX/VIBE 2003 ZZE136 (SHIELD),2,2,0,320,
GH98673,1011621,SHOCK ABSORBER FR LH MATRIX/VIBE 2003 ZZE136 (SHIELD),3,3,0,320,
GH98816,1011621,SHOCK ABSORBER FR LH MATRIX/VIBE 2003 ZZE136 (SHIELD),4,3,1,320,
GH98907,1011621,SHOCK ABSORBER FR LH MATRIX/VIBE 2003 ZZE136 (SHIELD),2,2,0,320,
GH98816,1011665,SHOCK ABSORBER FR LH HONDA RIDGELINE(HEAVY DUTY)(SHIELD),1,0,1,320,
GH98816,1011666,SHOCK ABSORBER FR LH CHEVROLET CRUZE J300(SHIELD),5,5,0,429,
GH98673,1011666,SHOCK ABSORBER FR LH CHEVROLET CRUZE J300(SHIELD),0,0,0,429,
GH98816,1011668,SHOCK ABSORBER FR RH HONDA RIDGELINE(HEAVY DUTY)(SHIELD),1,0,1,429,
GH98816,1011669,SHOCK ABSORBER FR RH CHEVROLET CRUZE J300(SHIELD),5,5,0,429,
GH98673,1011669,SHOCK ABSORBER FR RH CHEVROLET CRUZE J300(SHIELD),0,0,0,429,
GH98907,1011673,SHOCK ABSORBER BACK RH HIGHLANDER 2007 GSU40 2WD/VENZA (SHIELD),3,3,0,429,
GH98816,1011673,SHOCK ABSORBER BACK RH HIGHLANDER 2007 GSU40 2WD/VENZA (SHIELD),3,3,0,200,
GH98770,1011673,SHOCK ABSORBER BACK RH HIGHLANDER 2007 GSU40 2WD/VENZA (SHIELD),0,0,0,220,
GH98673,1011673,SHOCK ABSORBER BACK RH HIGHLANDER 2007 GSU40 2WD/VENZA (SHIELD),7,7,0,195,
GH98673,1011674,SHOCK ABSORBER BACK LH HIGHLANDER 2007 GSU40 2WD/VENZA (SHIELD),7,7,0,195,
GH98907,1011674,SHOCK ABSORBER BACK LH HIGHLANDER 2007 GSU40 2WD/VENZA (SHIELD),3,3,0,180,
GH98770,1011674,SHOCK ABSORBER BACK LH HIGHLANDER 2007 GSU40 2WD/VENZA (SHIELD),0,0,0,180,
GH98816,1011674,SHOCK ABSORBER BACK LH HIGHLANDER 2007 GSU40 2WD/VENZA (SHIELD),3,3,0,180,
GH98770,1011675,SHOCK ABSORBER BACK RH HIGHLANDER 2007 GSU45 4WD/VENZA (SHIELD),0,0,0,220,
GH98816,1011675,SHOCK ABSORBER BACK RH HIGHLANDER 2007 GSU45 4WD/VENZA (SHIELD),4,2,2,220,
GH98907,1011675,SHOCK ABSORBER BACK RH HIGHLANDER 2007 GSU45 4WD/VENZA (SHIELD),3,3,0,220,
,1011675,SHOCK ABSORBER BACK RH HIGHLANDER 2007 GSU45 4WD/VENZA (SHIELD),0,2,0,330,
GH98673,1011675,SHOCK ABSORBER BACK RH HIGHLANDER 2007 GSU45 4WD/VENZA (SHIELD),2,2,0,330,
GH98673,1011676,SHOCK ABSORBER BACK LH HIGHLANDER 2007 GSU45 4WD/VENZA (SHIELD),2,2,0,330,
GH98907,1011676,SHOCK ABSORBER BACK LH HIGHLANDER 2007 GSU45 4WD/VENZA (SHIELD),3,3,0,330,
GH98816,1011676,SHOCK ABSORBER BACK LH HIGHLANDER 2007 GSU45 4WD/VENZA (SHIELD),4,2,2,330,
GH98770,1011676,SHOCK ABSORBER BACK LH HIGHLANDER 2007 GSU45 4WD/VENZA (SHIELD),0,0,0,264,
,1011676,SHOCK ABSORBER BACK LH HIGHLANDER 2007 GSU45 4WD/VENZA (SHIELD),0,2,0,264,
GH98816,1011683,SHOCK ABSORBER FR LH SANTA FE 2013/SORENTO 2009 (SHILED),3,3,0,340,
GH98907,1011683,SHOCK ABSORBER FR LH SANTA FE 2013/SORENTO 2009 (SHILED),1,1,0,340,
GH98673,1011683,SHOCK ABSORBER FR LH SANTA FE 2013/SORENTO 2009 (SHILED),0,0,0,360,
GH98673,1012161,SHOCK ABSORBER FR SONATA/OPTIMA 2004/2008 (SHIELD),6,6,0,360,
GH98816,1012163,SHOCK ABSORBER BACK DAEWOO MATIZ (SHIELD),0,#N/A,0,360,
GH98673,1012163,SHOCK ABSORBER BACK DAEWOO MATIZ (SHIELD),0,0,0,360,
GH98816,1012165,SHOCK ABSORBER BACK HIACE FISH LH113 (PIN TO BUSH) (AMERICA TYPE) (SHIELD),0,#N/A,0,125,
GH98907,1012165,SHOCK ABSORBER BACK HIACE FISH LH113 (PIN TO BUSH) (AMERICA TYPE) (SHIELD),8,8,0,125,
GH98770,1012165,SHOCK ABSORBER BACK HIACE FISH LH113 (PIN TO BUSH) (AMERICA TYPE) (SHIELD),0,0,0,125,
GH98673,1012167,SHOCK ABSORBER BACK ALTIMA 3.5 2008 L32 (SHIELD),0,0,0,125,
GH98816,1012167,SHOCK ABSORBER BACK ALTIMA 3.5 2008 L32 (SHIELD),2,0,2,240,
GH98816,1012169,SHOCK ABSORBER BACK (2010) COMMERCIAL CAR/HARDBODY D22 (SHIELD),6,6,0,240,
GH98770,1012169,SHOCK ABSORBER BACK (2010) COMMERCIAL CAR/HARDBODY D22 (SHIELD),0,0,0,240,
GH98907,1012169,SHOCK ABSORBER BACK (2010) COMMERCIAL CAR/HARDBODY D22 (SHIELD),10,10,0,240,
GH98770,1012172,SHOCK ABSORBER BACK (1778) COMMERCIAL CAR (SHIELD),0,0,0,240,
GH98673,1012175,SHOCK ABSORBER FR RH HONDA ACCORD 2013 CR5 (SHIELD),0,0,0,240,
GH98907,1012175,SHOCK ABSORBER FR RH HONDA ACCORD 2013 CR5 (SHIELD),1,1,0,285,
GH98907,1012176,SHOCK ABSORBER FR LH HONDA ACCORD 2013 CR5 (SHIELD),1,1,0,285,
GH98673,1012176,SHOCK ABSORBER FR LH HONDA ACCORD 2013 CR5 (SHIELD),0,0,0,285,
GH98816,1012296,SHOCK ABSORBER BACK (2008) COMMERCIAL CAR (SHIELD),14,14,0,380,
GH98907,1012522,SHOCK ABSORBER FR RH HIGHLANDER 2008 2WD/4WD GSU45 (SHIELD),0,0,0,250,
GH98673,1012522,SHOCK ABSORBER FR RH HIGHLANDER 2008 2WD/4WD GSU45 (SHIELD),11,11,0,145,
GH98770,1012522,SHOCK ABSORBER FR RH HIGHLANDER 2008 2WD/4WD GSU45 (SHIELD),0,0,0,145,
GH98816,1012522,SHOCK ABSORBER FR RH HIGHLANDER 2008 2WD/4WD GSU45 (SHIELD),7,3,4,140,
GH98673,1012523,SHOCK ABSORBER FR LH HIGHLANDER 2008 2WD/4WD GSU45 (SHIELD),11,11,0,140,
GH98907,1012523,SHOCK ABSORBER FR LH HIGHLANDER 2008 2WD/4WD GSU45 (SHIELD),0,0,0,140,
GH98816,1012523,SHOCK ABSORBER FR LH HIGHLANDER 2008 2WD/4WD GSU45 (SHIELD),7,3,4,240,
GH98770,1012523,SHOCK ABSORBER FR LH HIGHLANDER 2008 2WD/4WD GSU45 (SHIELD),0,0,0,240,
GH98770,1012524,SHOCK ABSORBER BACK NISSAN SENTRA B17 (SHIELD),0,0,0,155,
GH98907,1012524,SHOCK ABSORBER BACK NISSAN SENTRA B17 (SHIELD),0,0,0,155,
GH98816,1012524,SHOCK ABSORBER BACK NISSAN SENTRA B17 (SHIELD),8,8,0,155,
GH98673,1012524,SHOCK ABSORBER BACK NISSAN SENTRA B17 (SHIELD),22,22,0,160,
GH98770,1012525,SHOCK ABSORBER BACK (GAS)(1616) COMMERCIAL CAR (SHIELD),0,0,0,400,
GH98673,1012610,SHOCK ABSORBER FR NISSAN NAVARA 2005 D40T(PATHFINDER TYPE) (SHIELD),4,4,0,400,
GH98816,1012610,SHOCK ABSORBER FR NISSAN NAVARA 2005 D40T(PATHFINDER TYPE) (SHIELD),14,14,0,400,
GH98907,1012610,SHOCK ABSORBER FR NISSAN NAVARA 2005 D40T(PATHFINDER TYPE) (SHIELD),0,0,0,400,
GH98770,1012929,SHOCK ABSORBER BACK MITSUBISHI OUTLANDER 2006 CW5 (SHIELD),0,0,0,150,
GH98907,1012929,SHOCK ABSORBER BACK MITSUBISHI OUTLANDER 2006 CW5 (SHIELD),2,2,0,150,
GH98816,1012931,SHOCK ABSORBER BACK PAJERO 2002/2008 V73/V97 (SHIELD),2,2,0,150,
GH98770,1012931,SHOCK ABSORBER BACK PAJERO 2002/2008 V73/V97 (SHIELD),0,0,0,215,
GH98673,1012931,SHOCK ABSORBER BACK PAJERO 2002/2008 V73/V97 (SHIELD),14,14,0,290,
GH98907,1012931,SHOCK ABSORBER BACK PAJERO 2002/2008 V73/V97 (SHIELD),0,0,0,480,
GH98673,1012934,SHOCK ABSORBER BACK AKUA DONKOR LAND CRUISER 2009 VDJ200/TUNDRA (SHIELD),4,4,0,480,
GH98673,1012980,SHOCK ABSORBER BACK (BALL TO BALL)KIA SORENTO 2002 (SHIELD),4,4,0,480,
GH98907,1012980,SHOCK ABSORBER BACK (BALL TO BALL)KIA SORENTO 2002 (SHIELD),0,0,0,480,
GH98673,1014561,SHOCK ABSORBER FR RH MATIZ III (SHIELD),2,2,0,545,
GH98816,1014561,SHOCK ABSORBER FR RH MATIZ III (SHIELD),3,3,0,545,
GH98816,1014562,SHOCK ABSORBER FR LH MATIZ III(SHIELD),3,3,0,335,
GH98673,1014562,SHOCK ABSORBER FR LH MATIZ III(SHIELD),2,2,0,335,
GH98907,1014563,SHOCK ABSORBER BACK MATIZ III (SHIELD),0,0,0,335,
GH98770,1014563,SHOCK ABSORBER BACK MATIZ III (SHIELD),0,0,0,335,
GH98673,1014563,SHOCK ABSORBER BACK MATIZ III (SHIELD),4,4,0,335,
GH98816,1015013,SHOCK ABSORBER BACK FORD EXPLORER 2012 (HEAVY DUTY)(SHIELD),6,6,0,335,
GH98673,1016512,SHOCK ABSORBER FR RH VECTRA B (SHIELD),0,0,0,375,
GH98673,1016513,SHOCK ABSORBER FR LH VECTRA B (SHIELD),0,0,0,375,
GH98673,1016520,SHOCK ABSORBER BACK VECTRA B (SHIELD),8,8,0,375,
GH98673,1016523,SHOCK ABSORBER BACK HIGHLANDER 2013 GSU55 (SHIELD),0,0,0,375,
GH98907,1016523,SHOCK ABSORBER BACK HIGHLANDER 2013 GSU55 (SHIELD),4,4,0,375,
GH98673,1016525,SHOCK ABSORBER BACK NISSAN SENTRA B16 (SHIELD),4,4,0,375,
GH98816,1016525,SHOCK ABSORBER BACK NISSAN SENTRA B16 (SHIELD),4,2,2,330,
GH98907,1016558,SHOCK ABSORBER FR LH NISSAN ROGUE 2014/QASHQAI 2014 (SHIELD),1,1,0,330,
GH98673,1016558,SHOCK ABSORBER FR LH NISSAN ROGUE 2014/QASHQAI 2014 (SHIELD),1,1,0,330,
GH98907,1016559,SHOCK ABSORBER FR RH NISSAN ROGUE 2014/QASHQAI 2014 (SHIELD),1,1,0,330,
GH98673,1016559,SHOCK ABSORBER FR RH NISSAN ROGUE 2014/QASHQAI 2014 (SHIELD),1,1,0,285,
GH98907,1017813,SHOCK ABSORBER FR LH GETZ 2002 SHIELD,0,0,0,285,
GH98673,1017813,SHOCK ABSORBER FR LH GETZ 2002 SHIELD,0,0,0,285,
GH98907,1017814,SHOCK ABSORBER FR RH GETZ 2002 SHIELD,0,0,0,285,
GH98673,1017814,SHOCK ABSORBER FR RH GETZ 2002 SHIELD,0,0,0,285,
GH98816,1017818,SHOCK ABOSORBER BACK HONDA CRV 2014 RM4 (SHIELD),6,6,0,285,
GH98907,1017818,SHOCK ABOSORBER BACK HONDA CRV 2014 RM4 (SHIELD),0,0,0,285,
,1017818,SHOCK ABOSORBER BACK HONDA CRV 2014 RM4 (SHIELD),0,6,0,285,
GH98816,1017819,SHOCK ABSORBER FR LH PICANTO 2011 SHIELD,6,5,1,340,
GH98673,1017819,SHOCK ABSORBER FR LH PICANTO 2011 SHIELD,0,0,0,340,
GH98816,1017820,SHOCK ABSORBER FR RH PICANTO 2011 SHIELD,6,5,1,340,
GH98673,1017820,SHOCK ABSORBER FR RH PICANTO 2011 SHIELD,0,0,0,340,
GH98673,1017927,SHOCK ABSORBER BACK TUCSON 11/SPORTAGE 10/SONATA 10  2015/IX35 ( SHIELD),0,0,0,340,
GH98816,1017927,SHOCK ABSORBER BACK TUCSON 11/SPORTAGE 10/SONATA 10  2015/IX35 ( SHIELD),12,12,0,340,
GH98907,1018421,SHOCK ABSORBER FR LH  HONDA CIVIC 2017(SHIELD),0,0,0,340,
GH98673,1018421,SHOCK ABSORBER FR LH  HONDA CIVIC 2017(SHIELD),1,1,0,340,
GH98816,1018421,SHOCK ABSORBER FR LH  HONDA CIVIC 2017(SHIELD),5,4,1,210,
GH98907,1018422,SHOCK ABSORBER FR RH HONDA CIVIC 2017 (SHIELD),0,0,0,210,
GH98673,1018422,SHOCK ABSORBER FR RH HONDA CIVIC 2017 (SHIELD),1,1,0,210,
GH98816,1018422,SHOCK ABSORBER FR RH HONDA CIVIC 2017 (SHIELD),5,4,1,210,
GH98816,1018439,SHOCK ABSORBER FR RANGE ROVER VOGUE SHIELD,2,2,0,150,
GH98673,1018440,SHOCK ABSORBER BACK FORD FOCUS 2012 SHIELD,9,9,0,270,
GH98907,1018440,SHOCK ABSORBER BACK FORD FOCUS 2012 SHIELD,6,6,0,270,
GH98907,1018441,SHOCK ABSORBER FR LH FORD FOCUS 2012 SHIELD,2,2,0,270,
GH98907,1018442,SHOCK ABSORBER FR RH FORD FOCUS 2012 SHIELD,2,2,0,225,
GH98673,1018581,SHOCK ABSORBER FR LH SONATA 2012(3RD MODEL)(SHIELD),0,0,0,225,
GH98816,1018581,SHOCK ABSORBER FR LH SONATA 2012(3RD MODEL)(SHIELD),1,1,0,215,
GH98673,1018582,SHOCK ABSORBER FR RH SONATA 2012 (3RD MODEL)SHIELD,0,0,0,215,
GH98816,1018582,SHOCK ABSORBER FR RH SONATA 2012 (3RD MODEL)SHIELD,1,1,0,215,
GH98673,1019025,SHOCK ABSORBER BACK HIACE FISH LH113 (PIN TO BUSH) (AMERICA TYPE) (GOR),10,10,0,215,
GH98907,1019025,SHOCK ABSORBER BACK HIACE FISH LH113 (PIN TO BUSH) (AMERICA TYPE) (GOR),4,4,0,270,
GH98673,1019035,SHOCK ABSORBER FR (2639) COMMERCIAL CAR (GOR),10,10,0,195,
GH98907,1019035,SHOCK ABSORBER FR (2639) COMMERCIAL CAR (GOR),0,0,0,195,
GH98907,1019171,SHOCK ABSORBER FR RH (BIG TUBE)COROLLA 2003 ZZE130(GOR),1,1,0,295,
GH98673,1019171,SHOCK ABSORBER FR RH (BIG TUBE)COROLLA 2003 ZZE130(GOR),0,0,0,295,
GH98816,1019171,SHOCK ABSORBER FR RH (BIG TUBE)COROLLA 2003 ZZE130(GOR),2,2,0,295,
GH98907,1019172,SHOCK ABSORBER FR LH (BIG TUBE)COROLLA 2003 ZZE130(GOR),1,1,0,295,
GH98816,1019172,SHOCK ABSORBER FR LH (BIG TUBE)COROLLA 2003 ZZE130(GOR),2,2,0,175,
GH98673,1019172,SHOCK ABSORBER FR LH (BIG TUBE)COROLLA 2003 ZZE130(GOR),0,0,0,175,
GH98816,1019173,SHOCK ABSORBER FR RH HYUNDAI TUCSON/SPORTAGE 2004 (GOR),0,#N/A,0,175,
GH98673,1019173,SHOCK ABSORBER FR RH HYUNDAI TUCSON/SPORTAGE 2004 (GOR),3,3,0,280,
GH98907,1019173,SHOCK ABSORBER FR RH HYUNDAI TUCSON/SPORTAGE 2004 (GOR),2,2,0,320,
GH98816,1019174,SHOCK ABSORBER FR LH HYUNDAI TUCSON/SPORTAGE 2004 (GOR),0,#N/A,0,320,
GH98907,1019174,SHOCK ABSORBER FR LH HYUNDAI TUCSON/SPORTAGE 2004 (GOR),2,2,0,200,
GH98770,1012296,SHOCK ABSORBER BACK (2008) COMMERCIAL CAR (SHIELD),0,0,0,250,
GH98816,1012330,SHOCK ABSORBER FR FORD RANGER 2006 BT50/MAZDA B2200(SHIELD),4,4,0,250,
GH98816,1012410,SHOCK ABSORBER BACK OUTLANDER 2003 CU3W (SHIELD),2,2,0,225,
GH98770,1012426,SHOCK ABSORBER FR FORD RANGER 2013 T6 (SHIELD),0,0,0,225,
GH98673,1012491,SHOCK ABSORBER FR LH FORD EXPLORER 2012 (SHIELD),1,1,0,390,
GH98816,1012491,SHOCK ABSORBER FR LH FORD EXPLORER 2012 (SHIELD),3,3,0,390,
GH98816,1012492,SHOCK ABSORBER FR RH FORD EXPLORER 2012 (SHIELD),3,3,0,390,
GH98673,1012492,SHOCK ABSORBER FR RH FORD EXPLORER 2012 (SHIELD),1,1,0,390,
GH98673,1012507,SHOCK ABSORBER FR RH SATURN VUE 2004 (SHIELD),0,0,0,295,
GH98673,1012508,SHOCK ABSORBER FR LH SATURN VUE 2004 (SHIELD),0,0,0,295,
GH98673,1012509,SHOCK ABSORBER FR RH HONDA CIVIC 2013 FB2 (SHIELD),6,6,0,295,
GH98816,1012509,SHOCK ABSORBER FR RH HONDA CIVIC 2013 FB2 (SHIELD),5,4,1,295,
GH98907,1012509,SHOCK ABSORBER FR RH HONDA CIVIC 2013 FB2 (SHIELD),2,2,0,270,
GH98907,1012510,SHOCK ABSORBER FR LH HONDA CIVIC 2013 FB2 (SHIELD),2,2,0,270,
GH98816,1012510,SHOCK ABSORBER FR LH HONDA CIVIC 2013 FB2 (SHIELD),5,4,1,270,
GH98673,1012510,SHOCK ABSORBER FR LH HONDA CIVIC 2013 FB2 (SHIELD),6,6,0,270,
GH98673,1012511,SHOCK ABSORBER FR RH NISSAN SENTRA B17 (SHIELD),3,3,0,270,
GH98816,1012511,SHOCK ABSORBER FR RH NISSAN SENTRA B17 (SHIELD),1,1,0,270,
GH98907,1012511,SHOCK ABSORBER FR RH NISSAN SENTRA B17 (SHIELD),0,0,0,270,
GH98673,1012512,SHOCK ABSORBER FR LH NISSAN SENTRA B17 (SHIELD),3,3,0,180,
GH98907,1012512,SHOCK ABSORBER FR LH NISSAN SENTRA B17 (SHIELD),0,0,0,180,
GH98816,1012512,SHOCK ABSORBER FR LH NISSAN SENTRA B17 (SHIELD),1,1,0,335,
GH98816,1012514,SHOCK ABSORBER FR LH SONATA 2013(ROUND PLATE)(SHIELD),0,#N/A,0,335,
GH98673,1012514,SHOCK ABSORBER FR LH SONATA 2013(ROUND PLATE)(SHIELD),0,0,0,335,
GH98816,1012515,SHOCK ABSORBER FR RH SONATA 2013(ROUND PLATE)(SHIELD),0,#N/A,0,335,
GH98673,1012515,SHOCK ABSORBER FR RH SONATA 2013(ROUND PLATE)(SHIELD),0,0,0,335,
GH98907,1012516,SHOCK ABSORBER FR RH NISSAN ALMERA/VERSA 2013 N17 (SHIELD),0,0,0,335,
GH98673,1012516,SHOCK ABSORBER FR RH NISSAN ALMERA/VERSA 2013 N17 (SHIELD),15,15,0,2316,
GH98816,1012516,SHOCK ABSORBER FR RH NISSAN ALMERA/VERSA 2013 N17 (SHIELD),3,3,0,250,
GH98770,1012516,SHOCK ABSORBER FR RH NISSAN ALMERA/VERSA 2013 N17 (SHIELD),0,0,0,250,
GH98816,1012517,SHOCK ABSORBER FR LH NISSAN ALMERA/VERSA 2013 N17 (SHIELD),3,3,0,350,
GH98907,1012517,SHOCK ABSORBER FR LH NISSAN ALMERA/VERSA 2013 N17 (SHIELD),0,0,0,350,
GH98770,1012517,SHOCK ABSORBER FR LH NISSAN ALMERA/VERSA 2013 N17 (SHIELD),0,0,0,285,
GH98673,1012517,SHOCK ABSORBER FR LH NISSAN ALMERA/VERSA 2013 N17 (SHIELD),15,15,0,285,
GH98816,1022931,SHOCK ABSORBER BACK HONDA CRV 2017 RW# (SHIELD),20,20,0,285,
GH98673,1022931,SHOCK ABSORBER BACK HONDA CRV 2017 RW# (SHIELD),2,2,0,300,
GH98907,1022931,SHOCK ABSORBER BACK HONDA CRV 2017 RW# (SHIELD),4,4,0,300,
GH98816,1023573,SHOCK ABSORBER FR LH TUCSON 2015  (SHIELD),9,8,1,300,
GH98907,1023573,SHOCK ABSORBER FR LH TUCSON 2015  (SHIELD),2,2,0,300,
GH98673,1023573,SHOCK ABSORBER FR LH TUCSON 2015  (SHIELD),4,4,0,200,
GH98673,1023574,SHOCK ABSORBER FR RH TUCSON 2015  (SHIELD),4,4,0,150,
GH98907,1023574,SHOCK ABSORBER FR RH TUCSON 2015  (SHIELD),2,2,0,150,
GH98816,1023574,SHOCK ABSORBER FR RH TUCSON 2015  (SHIELD),9,8,1,130,
GH98816,1023575,SHOCK ABSORBER  BACK TUCSON 2015  (SHIELD),0,#N/A,0,130,
GH98907,1023575,SHOCK ABSORBER  BACK TUCSON 2015  (SHIELD),2,2,0,240,
GH98816,1023594,SHOCK ABSORBER FR RH RAV4 2019 (SHIELD),2,2,0,240,
GH98673,1023594,SHOCK ABSORBER FR RH RAV4 2019 (SHIELD),5,5,0,240,
GH98673,1023595,SHOCK ABSORBER FR LH RAV4 2019 (SHIELD),5,5,0,220,
GH98816,1023595,SHOCK ABSORBER FR LH RAV4 2019 (SHIELD),2,2,0,220,
GH98816,1023596,SHOCK ABSORBER BACK RAV4 2020 AXAA54/CAMRY 2018 ASV70/COROLLA 2020 ZWE210 (SHIELD),8,6,2,350,
GH98673,1023596,SHOCK ABSORBER BACK RAV4 2020 AXAA54/CAMRY 2018 ASV70/COROLLA 2020 ZWE210 (SHIELD),16,16,0,290,
GH98816,1023716,SHOCK ABSORBER FR RH HONDA ACCORD 2018 (SHIELD),3,3,0,145,
GH98673,1023716,SHOCK ABSORBER FR RH HONDA ACCORD 2018 (SHIELD),0,0,0,145,
GH98673,1023717,SHOCK ABSORBER FR LH HONDA ACCORD 2018 (SHIELD),0,0,0,145,
GH98816,1023717,SHOCK ABSORBER FR LH HONDA ACCORD 2018 (SHIELD),3,3,0,240,
GH98816,1023718,SHOCK ABSORBER BACK HONDA CIVIC 2002 (SHIELD),0,#N/A,0,240,
GH98770,1023718,SHOCK ABSORBER BACK HONDA CIVIC 2002 (SHIELD),0,0,0,240,
GH98673,1023719,SHOCK ABSORBER FR LH HONDA CIVIC 2002 (SHIELD),2,2,0,240,
GH98816,1023719,SHOCK ABSORBER FR LH HONDA CIVIC 2002 (SHIELD),5,4,1,240,
GH98816,1023720,SHOCK ABSORBER FR RH HONDA CIVIC 2002 (SHIELD),5,4,1,240,
GH98673,1023720,SHOCK ABSORBER FR RH HONDA CIVIC 2002 (SHIELD),2,2,0,135,
GH98673,1023721,SHOCK ABSORBER FR LH TOYOTA CAMRY 2018 (SHORT) (SHIELD),3,3,0,135,
GH98816,1023721,SHOCK ABSORBER FR LH TOYOTA CAMRY 2018 (SHORT) (SHIELD),2,2,0,145,
GH98673,1023722,SHOCK ABSORBER FR RH TOYOTA CAMRY 2018 (SHORT) (SHIELD),3,3,0,145,
GH98816,1023722,SHOCK ABSORBER FR RH TOYOTA CAMRY 2018 (SHORT) (SHIELD),2,2,0,320,
GH98816,1023723,SHOCK ABSORBER BACK HILUX REVO 2015 4WD (SHIELD),2,0,2,320,
GH98770,1023723,SHOCK ABSORBER BACK HILUX REVO 2015 4WD (SHIELD),0,0,0,320,
GH98673,1023723,SHOCK ABSORBER BACK HILUX REVO 2015 4WD (SHIELD),4,4,0,320,
GH98673,1024772,SHOCK ABSORBER BACK SUZUKI VITARA 2015 (SHIELD),6,6,0,350,
GH98907,1025176,SHOCK ABSORBER FR RH SUZUKI VITARA 2015 (SHIELD),0,0,0,350,
GH98673,1025176,SHOCK ABSORBER FR RH SUZUKI VITARA 2015 (SHIELD),0,0,0,350,
GH98907,1025177,SHOCK ABSORBER FR LH SUZUKI VITARA 2015 (SHIELD),0,0,0,215,
GH98673,1025177,SHOCK ABSORBER FR LH SUZUKI VITARA 2015 (SHIELD),0,0,0,215,
GH98673,1025457,SHOCK ABSORBER RAV4 ACA21 FR RH(GOR),0,0,0,215,
GH98673,1025458,SHOCK ABSORBER RAV4 ACA21 FR LH(GOR),0,0,0,350,
GH98673,1025459,SHOCK ABSORBER YARIS 2005 KSP90 FR RH(GOR),0,0,0,350,
GH98816,1025459,SHOCK ABSORBER YARIS 2005 KSP90 FR RH(GOR),2,0,2,350,
GH98907,1025459,SHOCK ABSORBER YARIS 2005 KSP90 FR RH(GOR),0,0,0,350,
GH98907,1025460,SHOCK ABSORBER YARIS 2005 KSP90 FR LH(GOR),0,0,0,220,
GH98816,1025460,SHOCK ABSORBER YARIS 2005 KSP90 FR LH(GOR),2,0,2,365,
GH98673,1025460,SHOCK ABSORBER YARIS 2005 KSP90 FR LH(GOR),0,0,0,365,
GH98907,1025461,SHOCK ABSORBER RAV4 2008 ACA33 FR RH(GOR),19,19,0,365,
GH98673,1025461,SHOCK ABSORBER RAV4 2008 ACA33 FR RH(GOR),0,0,0,365,
GH98907,1025462,SHOCK ABSORBER RAV4 2008 ACA33 FR LH(GOR),19,19,0,365,
GH98673,1025462,SHOCK ABSORBER RAV4 2008 ACA33 FR LH(GOR),0,0,0,365,
GH98673,1025463,SHOCK ABSORBER FR RH COROLLA 2009 NZE141(GOR),0,0,0,365,
GH98907,1025463,SHOCK ABSORBER FR RH COROLLA 2009 NZE141(GOR),5,5,0,365,
GH98673,1025464,SHOCK ABSORBER FR LH COROLLA 2009 NZE141(GOR),0,0,0,250,
GH98907,1025464,SHOCK ABSORBER FR LH COROLLA 2009 NZE141(GOR),5,5,0,250,
GH98907,1025465,SHOCK ABSORBER BACK COROLLA 2009 NZE141(GOR),16,16,0,250,
GH98673,1025465,SHOCK ABSORBER BACK COROLLA 2009 NZE141(GOR),2,2,0,400,
GH98907,1025466,SHOCK ABSORBER YARIS 2005 KSP90 BACK(GOR),14,14,0,400,
GH98673,1025466,SHOCK ABSORBER YARIS 2005 KSP90 BACK(GOR),0,0,0,400,
GH98673,1025467,SHOCK ABSORBER RAV4 2008 ACA33 BACK(GOR),0,0,0,400,
GH98907,1025467,SHOCK ABSORBER RAV4 2008 ACA33 BACK(GOR),0,0,0,400,
GH98907,1025468,SHOCK ABSORBER FR LH CAMRY 2007 ACV40  (GOR),5,5,0,400,
GH98673,1025468,SHOCK ABSORBER FR LH CAMRY 2007 ACV40  (GOR),0,0,0,220,
GH98907,1025469,SHOCK ABSORBER FR RH CAMRY 2007 ACV40  (GOR),5,5,0,220,
GH98673,1025469,SHOCK ABSORBER FR RH CAMRY 2007 ACV40  (GOR),0,0,0,365,
GH98907,1025470,SHOCK ABSORBER CAMRY 2007 ACV40 BACK RH(GOR),4,4,0,365,
GH98673,1025470,SHOCK ABSORBER CAMRY 2007 ACV40 BACK RH(GOR),4,4,0,365,
GH98907,1025471,SHOCK ABSORBER CAMRY 2007 ACV40 BACK LH(GOR),4,4,0,365,
GH98673,1025471,SHOCK ABSORBER CAMRY 2007 ACV40 BACK LH(GOR),4,4,0,220,
GH98907,1025472,SHOCK ABSORBER BACK PICANTO NEW TYPE (HOLE AND PIN) (GOR),14,14,0,220,
GH98673,1025472,SHOCK ABSORBER BACK PICANTO NEW TYPE (HOLE AND PIN) (GOR),10,10,0,450,
GH98816,1025472,SHOCK ABSORBER BACK PICANTO NEW TYPE (HOLE AND PIN) (GOR),0,#N/A,0,450,
GH98907,1025473,SHOCK ABSORBER FR RH PICANTO 2004/I10 2007 (GOR),13,13,0,450,
GH98673,1025473,SHOCK ABSORBER FR RH PICANTO 2004/I10 2007 (GOR),5,5,0,450,
GH98816,1025473,SHOCK ABSORBER FR RH PICANTO 2004/I10 2007 (GOR),0,#N/A,0,220,
GH98816,1025474,SHOCK ABSORBER FR LH PICANTO 2004/I10 2007 (GOR),0,#N/A,0,220,
GH98907,1025474,SHOCK ABSORBER FR LH PICANTO 2004/I10 2007 (GOR),13,13,0,473,
GH98673,1025474,SHOCK ABSORBER FR LH PICANTO 2004/I10 2007 (GOR),5,5,0,473,
GH98816,1025475,SHOCK ABSORBER BACK I10/PICANTO 2004 (HOLE AND HOLE)(GOR),0,#N/A,0,473,
GH98673,1025475,SHOCK ABSORBER BACK I10/PICANTO 2004 (HOLE AND HOLE)(GOR),8,8,0,473,
GH98907,1025476,SHOCK ABSORBER BACK HYUNDAI ATOS(GOR),6,6,0,400,
GH98673,1025476,SHOCK ABSORBER BACK HYUNDAI ATOS(GOR),0,0,0,400,
GH98816,1025477,SHOCK ABSORBER FR RH CAMRY 2012 ACV50(GOR),1,1,0,400,
GH98907,1025477,SHOCK ABSORBER FR RH CAMRY 2012 ACV50(GOR),2,2,0,400,
GH98673,1025477,SHOCK ABSORBER FR RH CAMRY 2012 ACV50(GOR),0,0,0,280,
GH98907,1025478,SHOCK ABSORBER FR LH CAMRY 2012 ACV50(GOR),2,2,0,280,
GH98816,1025478,SHOCK ABSORBER FR LH CAMRY 2012 ACV50(GOR),1,1,0,280,
GH98673,1025478,SHOCK ABSORBER FR LH CAMRY 2012 ACV50(GOR),0,0,0,250,
GH98816,1025479,SHOCK ABSORBER BACK RH CAMRY 2012 ACV50(GOR),0,#N/A,0,450,
GH98673,1019174,SHOCK ABSORBER FR LH HYUNDAI TUCSON/SPORTAGE 2004 (GOR),3,3,0,450,
GH98907,1019175,SHOCK ABSORBER BACK RH HYUNDAI TUCSON/SPORTAGE 2004 (GOR),4,4,0,450,
GH98673,1019175,SHOCK ABSORBER BACK RH HYUNDAI TUCSON/SPORTAGE 2004 (GOR),4,4,0,450,
GH98907,1019176,SHOCK ABSORBER BACK LH HYUNDAI TUCSON/SPORTAGE 2004 (GOR),4,4,0,253,
GH98673,1019176,SHOCK ABSORBER BACK LH HYUNDAI TUCSON/SPORTAGE 2004 (GOR),4,4,0,253,
GH98816,1019304,SHOCK ABSORBER BACK YARIS 2013 NCP150 (EURO TYPE)(SHIELD),2,2,0,240,
GH98673,1019367,SHOCK ABSORBER MATIZ 3 (2006) (SLIM TUBE WITH BUSH) RR (GOR),0,0,0,240,
GH98816,1019367,SHOCK ABSORBER MATIZ 3 (2006) (SLIM TUBE WITH BUSH) RR (GOR),4,4,0,240,
GH98673,1019368,SHOCK ABSORBER COMMERCIAL 1634 FR(GOR),10,10,0,240,
GH98816,1019368,SHOCK ABSORBER COMMERCIAL 1634 FR(GOR),6,6,0,240,
GH98673,1019369,SHOCK ABSORBER ECHO 2000 SCP10 FR(GOR),4,4,0,240,
GH98907,1019369,SHOCK ABSORBER ECHO 2000 SCP10 FR(GOR),10,10,0,285,
GH98816,1019369,SHOCK ABSORBER ECHO 2000 SCP10 FR(GOR),0,#N/A,0,285,
GH98770,1019376,SHOCK ABSORBER BACK FORD ESCAPE 2013  (SHIELD),0,0,0,285,
GH98673,1019376,SHOCK ABSORBER BACK FORD ESCAPE 2013  (SHIELD),0,0,0,285,
GH98816,1019841,SHOCK ABSORBER FR LH HONDA CRV 2013 (SHIELD),2,2,0,250,
GH98907,1019841,SHOCK ABSORBER FR LH HONDA CRV 2013 (SHIELD),0,0,0,250,
GH98907,1019842,SHOCK ABSORBER FR RH HONDA CRV 2013 (SHIELD),0,0,0,250,
GH98816,1019842,SHOCK ABSORBER FR RH HONDA CRV 2013 (SHIELD),2,2,0,250,
GH98816,1022483,SHOCK ABSORBER BACK SANTA FE/SORENTO 2013 (SHORT)  (SHIELD),0,#N/A,0,165,
GH98907,1022483,SHOCK ABSORBER BACK SANTA FE/SORENTO 2013 (SHORT)  (SHIELD),2,2,0,165,
GH98673,1022483,SHOCK ABSORBER BACK SANTA FE/SORENTO 2013 (SHORT)  (SHIELD),4,4,0,145,
GH98907,1022490,SHOCK ABSORBER FR RH NISSAN KICKS P15 (SHIELD),1,1,0,145,
GH98673,1022490,SHOCK ABSORBER FR RH NISSAN KICKS P15 (SHIELD),11,11,0,155,
GH98673,1022491,SHOCK ABSORBER FR LH NISSAN KICKS P15 (SHIELD),11,11,0,155,
GH98907,1022491,SHOCK ABSORBER FR LH NISSAN KICKS P15 (SHIELD),1,1,0,280,
GH98673,1022492,SHOCK ABSORBER BACK NISSAN KICKS P15 (SHIELD),20,20,0,280,
GH98673,1022929,SHOCK ABSORBER FR LH HONDA CRV 2017 RW3 (SHIELD),2,2,0,280,
,1022929,SHOCK ABSORBER FR LH HONDA CRV 2017 RW3 (SHIELD),0,3,0,280,
GH98816,1022929,SHOCK ABSORBER FR LH HONDA CRV 2017 RW3 (SHIELD),4,3,1,290,
GH98907,1022929,SHOCK ABSORBER FR LH HONDA CRV 2017 RW3 (SHIELD),1,1,0,290,
GH98816,1022930,SHOCK ABSORBER FR RH HONDA CRV 2017 RW3 (SHIELD),4,3,1,290,
GH98673,1022930,SHOCK ABSORBER FR RH HONDA CRV 2017 RW3 (SHIELD),2,2,0,180,
GH98907,1022930,SHOCK ABSORBER FR RH HONDA CRV 2017 RW3 (SHIELD),1,1,0,180,
,1022930,SHOCK ABSORBER FR RH HONDA CRV 2017 RW3 (SHIELD),0,3,0,180,
GH98907,1025479,SHOCK ABSORBER BACK RH CAMRY 2012 ACV50(GOR),2,2,0,400,
GH98673,1025479,SHOCK ABSORBER BACK RH CAMRY 2012 ACV50(GOR),0,0,0,400,
GH98907,1025480,SHOCK ABSORBER BACK LH CAMRY 2012 ACV50(GOR),2,2,0,400,
GH98673,1025480,SHOCK ABSORBER BACK LH CAMRY 2012 ACV50(GOR),0,0,0,400,
GH98816,1025480,SHOCK ABSORBER BACK LH CAMRY 2012 ACV50(GOR),0,#N/A,0,400,
GH98816,1025481,SHOCK ABSORBER FR LH ELANTRA 2006(GOR),0,#N/A,0,400,
GH98816,1025482,SHOCK ABSORBER FR RH ELANTRA 2006 (GOR),0,#N/A,0,400,
GH98907,1025483,SHOCK ABSORBER BACK ELANTRA 2006(GOR),4,4,0,400,
GH98673,1025483,SHOCK ABSORBER BACK ELANTRA 2006(GOR),8,8,0,500,
GH98816,1025483,SHOCK ABSORBER BACK ELANTRA 2006(GOR),0,#N/A,0,500,
GH98907,1025484,SHOCK ABSORBER BACK ACCENT 2012/ELANTRA 2012/CERATO 2008/I10 2012/KIA SOUL/RIO 2011(GOR),18,18,0,500,
GH98673,1025484,SHOCK ABSORBER BACK ACCENT 2012/ELANTRA 2012/CERATO 2008/I10 2012/KIA SOUL/RIO 2011(GOR),8,8,0,500,
GH98673,1025485,SHOCK ABSORBER FR LH ACCENT 2012/VELOSTAR/RIO 2011(GOR),0,0,0,320,
GH98907,1025485,SHOCK ABSORBER FR LH ACCENT 2012/VELOSTAR/RIO 2011(GOR),3,3,0,195,
GH98907,1025486,SHOCK ABSORBER FR RH ACCENT 2012/VELOSTAR/RIO 2011(GOR),3,3,0,320,
GH98673,1025486,SHOCK ABSORBER FR RH ACCENT 2012/VELOSTAR/RIO 2011(GOR),0,0,0,320,
GH98907,1025725,SHOCK ABSORBER FR LH SENTRA/ALMERA/SUNNY B15 (GOR),2,2,0,320,
GH98673,1026840,SHOCK ABSORBER BACK LH HIGHLANDER 2005 ACU20 2WD (GOR),0,0,0,320,
GH98907,1026840,SHOCK ABSORBER BACK LH HIGHLANDER 2005 ACU20 2WD (GOR),4,4,0,320,
GH98673,1026849,SHOCK ABSORBER FR HILUX VIGO/PRADO 2002/2009 KZJ120/KDJ150 (GOR),0,0,0,320,
GH98907,1026849,SHOCK ABSORBER FR HILUX VIGO/PRADO 2002/2009 KZJ120/KDJ150 (GOR),2,2,0,320,
GH98907,1026855,SHOCK ABSORBER FR RH YARIS IA 2017 (SHIELD),5,5,0,320,
GH98673,1026855,SHOCK ABSORBER FR RH YARIS IA 2017 (SHIELD),6,6,0,260,
GH98907,1026856,SHOCK ABSORBER FR LH YARIS IA 2017 (SHIELD),5,5,0,260,
GH98673,1026856,SHOCK ABSORBER FR LH YARIS IA 2017 (SHIELD),6,6,0,150,
GH98673,1026857,SHOCK ABSORBER BACK TOYOTA YARIS IA 2017 (SHIELD),0,0,0,150,
GH98907,1026857,SHOCK ABSORBER BACK TOYOTA YARIS IA 2017 (SHIELD),0,0,0,150,
GH98673,1026983,SHOCK ABSORBER BACK RH HIGHLANDER 2005 ACU20 4WD(GOR),4,4,0,150,
GH98907,1026983,SHOCK ABSORBER BACK RH HIGHLANDER 2005 ACU20 4WD(GOR),2,2,0,150,
GH98816,1026983,SHOCK ABSORBER BACK RH HIGHLANDER 2005 ACU20 4WD(GOR),1,1,0,265,
GH98673,1026984,SHOCK ABSORBER BACK LH HIGHLANDER 2005 ACU20 4WD(GOR),4,4,0,265,
GH98816,1026984,SHOCK ABSORBER BACK LH HIGHLANDER 2005 ACU20 4WD(GOR),1,1,0,265,
GH98907,1026984,SHOCK ABSORBER BACK LH HIGHLANDER 2005 ACU20 4WD(GOR),2,2,0,265,
GH98907,1026985,SHOCK ABSORBER BACK HONDA CIVIC 2006 FD/2013 (GOR),4,4,0,240,
GH98673,1026985,SHOCK ABSORBER BACK HONDA CIVIC 2006 FD/2013 (GOR),0,0,0,240,
GH98907,1026986,SHOCK ABSORBER FR LH MATRIX/VIBE 2003 ZZE136 (GOR),0,0,0,240,
GH98673,1026986,SHOCK ABSORBER FR LH MATRIX/VIBE 2003 ZZE136 (GOR),0,0,0,240,
GH98816,1026986,SHOCK ABSORBER FR LH MATRIX/VIBE 2003 ZZE136 (GOR),0,#N/A,0,160,
GH98673,1026987,SHOCK ABSORBER FR RH MATRIX/VIBE 2003 ZZE136 (GOR),0,0,0,160,
GH98907,1026987,SHOCK ABSORBER FR RH MATRIX/VIBE 2003 ZZE136 (GOR),0,0,0,150,
GH98816,1026987,SHOCK ABSORBER FR RH MATRIX/VIBE 2003 ZZE136 (GOR),0,#N/A,0,165,
GH98907,1026988,SHOCK ABSORBER FR RH ELANTRA 2012 (GOR),0,0,0,165,
GH98673,1026988,SHOCK ABSORBER FR RH ELANTRA 2012 (GOR),0,0,0,320,
GH98816,1026988,SHOCK ABSORBER FR RH ELANTRA 2012 (GOR),1,0,1,320,
GH98673,1026989,SHOCK ABSORBER FR LH ELANTRA 2012 (GOR),0,0,0,320,
GH98907,1026989,SHOCK ABSORBER FR LH ELANTRA 2012 (GOR),0,0,0,320,
GH98816,1026989,SHOCK ABSORBER FR LH ELANTRA 2012 (GOR),1,0,1,320,
GH98816,1027238,SHOCK ABSORBER ELANTRA 2017 FR LH (SHIELD),5,5,0,320,
GH98673,1027238,SHOCK ABSORBER ELANTRA 2017 FR LH (SHIELD),0,0,0,320,
GH98673,1027239,SHOCK ABSORBER ELANTRA 2017 FR RH (SHIELD),0,0,0,320,
GH98816,1027239,SHOCK ABSORBER ELANTRA 2017 FR RH (SHIELD),5,5,0,230,
GH98673,1027240,SHOCK ABSORBER BACK ELANTRA 2017 (SHIELD),6,6,0,230,
GH98816,1027240,SHOCK ABSORBER BACK ELANTRA 2017 (SHIELD),6,6,0,230,
GH98907,1027241,SHOCK ABSORBER ACCENT 2017/RIO 2015 FR RH (SHIELD),5,5,0,420,
GH98673,1027241,SHOCK ABSORBER ACCENT 2017/RIO 2015 FR RH (SHIELD),1,1,0,420,
GH98816,1027241,SHOCK ABSORBER ACCENT 2017/RIO 2015 FR RH (SHIELD),2,2,0,280,
GH98816,1027242,SHOCK ABSORBER ACCENT 2017/RIO 2015 FR LH (SHIELD),2,2,0,660,
GH98673,1027242,SHOCK ABSORBER ACCENT 2017/RIO 2015 FR LH (SHIELD),1,1,0,660,
GH98907,1027242,SHOCK ABSORBER ACCENT 2017/RIO 2015 FR LH (SHIELD),5,5,0,660,
GH98673,1027243,SHOCK ABSORBER BACK ACCENT 2017/RIO 2015 (SHIELD),10,10,0,660,
GH98816,1027243,SHOCK ABSORBER BACK ACCENT 2017/RIO 2015 (SHIELD),10,10,0,300,
GH98673,1027244,SHOCK ABSORBER SONATA 2015 FR LH  (SHIELD),4,4,0,300,
GH98673,1027245,SHOCK ABSORBER SONATA 2015 FR RH  (SHIELD),4,4,0,300,
GH98673,1027246,SHOCK ABSORBER BACK SONATA 2015  (SHIELD),0,0,0,300,
GH98907,1027246,SHOCK ABSORBER BACK SONATA 2015  (SHIELD),0,0,0,300,
GH98673,1027247,SHOCK ABSORBER SANTA FE 2018 FR LH (SHIELD),3,3,0,300,
GH98816,1027247,SHOCK ABSORBER SANTA FE 2018 FR LH (SHIELD),0,#N/A,0,300,
GH98816,1027248,SHOCK ABSORBER SANTA FE 2018 FR RH (SHIELD),0,#N/A,0,300,
GH98673,1027248,SHOCK ABSORBER SANTA FE 2018 FR RH (SHIELD),3,3,0,300,
GH98816,1027249,SHOCK ABSORBER BACK SANTA FE 2018  (SHIELD),8,8,0,300,
GH98673,1027249,SHOCK ABSORBER BACK SANTA FE 2018  (SHIELD),8,8,0,230,
GH98673,1027250,SHOCK ABSORBER NAVARA 2014 D23 FR (SHIELD),0,0,0,230,
GH98816,1027252,SHOCK ABSORBER CAMRY 2018 ASV70 FR LH £¨LONG£©(SHIELD),1,1,0,390,
GH98673,1027252,SHOCK ABSORBER CAMRY 2018 ASV70 FR LH £¨LONG£©(SHIELD),1,1,0,390,
GH98816,1027253,SHOCK ABSORBER CAMRY 2018 ASV70 FR RH£¨LONG) (SHIELD),1,1,0,390,
GH98673,1027253,SHOCK ABSORBER CAMRY 2018 ASV70 FR RH£¨LONG) (SHIELD),1,1,0,390,
GH98673,1027254,SHOCK ABSORBER BACK RAV4 2020 AXAA54/CAMRY 2018 ASV70/COROLLA 2020 ZWE210 (SHIELD),4,4,0,230,
GH98770,1027254,SHOCK ABSORBER BACK RAV4 2020 AXAA54/CAMRY 2018 ASV70/COROLLA 2020 ZWE210 (SHIELD),0,0,0,230,
GH98907,1027255,SHOCK ABSORBER COROLLA 2020 ZRE212 FR RH (SHIELD),3,3,0,300,
GH98816,1027255,SHOCK ABSORBER COROLLA 2020 ZRE212 FR RH (SHIELD),3,3,0,300,
GH98673,1027255,SHOCK ABSORBER COROLLA 2020 ZRE212 FR RH (SHIELD),2,2,0,300,
GH98907,1027256,SHOCK ABSORBER COROLLA 2020 ZRE212 FR LH (SHIELD),3,3,0,300,
GH98673,1027256,SHOCK ABSORBER COROLLA 2020 ZRE212 FR LH (SHIELD),2,2,0,300,
GH98816,1027256,SHOCK ABSORBER COROLLA 2020 ZRE212 FR LH (SHIELD),3,3,0,300,
GH98816,1027257,SHOCK ABSORBER BACK COROLLA 2020 ZRE212  (SHIELD),3,3,0,180,
GH98673,1027257,SHOCK ABSORBER BACK COROLLA 2020 ZRE212  (SHIELD),2,2,0,180,
GH98770,1027257,SHOCK ABSORBER BACK COROLLA 2020 ZRE212  (SHIELD),0,0,0,265,
GH98816,1027258,SHOCK ABSORBER BACK PILOT 2015 YF5 (SHIELD),4,4,0,265,
GH98673,1027258,SHOCK ABSORBER BACK PILOT 2015 YF5 (SHIELD),4,4,0,265,
GH98770,1027259,SHOCK ABSORBER FR RH HIGHLANDER 2019 GSU75 (SHIELD),0,0,0,265,
GH98907,1027259,SHOCK ABSORBER FR RH HIGHLANDER 2019 GSU75 (SHIELD),2,2,0,265,
GH98673,1027259,SHOCK ABSORBER FR RH HIGHLANDER 2019 GSU75 (SHIELD),0,0,0,265,
GH98770,1027260,SHOCK ABSORBER FR LH HIGHLANDER 2019 GSU75 (SHIELD),0,0,0,265,
GH98673,1027260,SHOCK ABSORBER FR LH HIGHLANDER 2019 GSU75 (SHIELD),0,0,0,265,
GH98907,1027260,SHOCK ABSORBER FR LH HIGHLANDER 2019 GSU75 (SHIELD),2,2,0,265,
GH98673,1027261,SHOCK ABSORBER CRUZE 2017 J400 FR LH (SHIELD),2,2,0,265,
GH98816,1027261,SHOCK ABSORBER CRUZE 2017 J400 FR LH (SHIELD),2,2,0,265,
GH98673,1027262,SHOCK ABSORBER CRUZE 2017 J400 FR RH (SHIELD),2,2,0,265,
GH98816,1027262,SHOCK ABSORBER CRUZE 2017 J400 FR RH (SHIELD),2,2,0,330,
GH98673,1027263,SHOCK ABSORBER BACK CRUZE 2017 J400 (SHIELD),10,10,0,330,
GH98907,1027264,SHOCK ABSORBER BACK CIVIC 2017 FK3 (SHIELD),4,4,0,330,
GH98673,1027265,SHOCK ABSORBER FR LH HYUNDAI KONA 2017 (SHIELD),2,2,0,330,
GH98907,1027265,SHOCK ABSORBER FR LH HYUNDAI KONA 2017 (SHIELD),2,2,0,195,
GH98816,1027265,SHOCK ABSORBER FR LH HYUNDAI KONA 2017 (SHIELD),2,2,0,195,
GH98816,1027266,SHOCK ABSORBER FR RH HYUNDAI KONA 2017 (SHIELD),2,2,0,355,
GH98907,1027266,SHOCK ABSORBER FR RH HYUNDAI KONA 2017 (SHIELD),2,2,0,355,
GH98673,1025725,SHOCK ABSORBER FR LH SENTRA/ALMERA/SUNNY B15 (GOR),5,5,0,355,
GH98907,1025726,SHOCK ABSORBER FR RH SENTRA/ALMERA/SUNNY B15 (GOR),2,2,0,355,
GH98673,1025726,SHOCK ABSORBER FR RH SENTRA/ALMERA/SUNNY B15 (GOR),5,5,0,355,
GH98907,1025727,SHOCK ABSORBER BACK NISSAN SENTRA/ALMERA/SUNNY B15 (GOR),10,10,0,355,
GH98673,1025727,SHOCK ABSORBER BACK NISSAN SENTRA/ALMERA/SUNNY B15 (GOR),2,2,0,195,
GH98907,1025731,SHOCK ABSORBER BACK NISSAN MARCH 1998 K11 (GOR),2,2,0,195,
GH98673,1025734,SHOCK ABSORBER BACK NISSAN VERSA/TIIDA C11/MARCH 2005 K12 (GOR),10,10,0,390,
GH98907,1025734,SHOCK ABSORBER BACK NISSAN VERSA/TIIDA C11/MARCH 2005 K12 (GOR),14,14,0,390,
GH98907,1026404,SHOCK ABSORBER FR LH COROLLA 2014 ZRE172 (SHIELD),4,4,0,230,
GH98673,1026404,SHOCK ABSORBER FR LH COROLLA 2014 ZRE172 (SHIELD),3,3,0,230,
GH98770,1026404,SHOCK ABSORBER FR LH COROLLA 2014 ZRE172 (SHIELD),0,0,0,390,
GH98816,1026404,SHOCK ABSORBER FR LH COROLLA 2014 ZRE172 (SHIELD),7,4,3,390,
GH98907,1026405,SHOCK ABSORBER FR RH COROLLA 2014 ZRE172 (SHIELD),4,4,0,390,
GH98673,1026405,SHOCK ABSORBER FR RH COROLLA 2014 ZRE172 (SHIELD),3,3,0,390,
GH98816,1026405,SHOCK ABSORBER FR RH COROLLA 2014 ZRE172 (SHIELD),7,4,3,195,
GH98770,1026405,SHOCK ABSORBER FR RH COROLLA 2014 ZRE172 (SHIELD),0,0,0,195,
GH98673,1026406,SHOCK ABSORBER BACK SANTA FE 2013 (LONG)  (SHIELD),8,8,0,270,
GH98816,1026406,SHOCK ABSORBER BACK SANTA FE 2013 (LONG)  (SHIELD),8,4,4,380,
GH98907,1026406,SHOCK ABSORBER BACK SANTA FE 2013 (LONG)  (SHIELD),14,14,0,380,
GH98816,1026407,SHOCK ABSORBER FR LH HIGHLANDER 2014 GSU55 (SHIELD),0,#N/A,0,380,
GH98816,1026408,SHOCK ABSORBER FR RH HIGHLANDER 2014 GSU55 (SHIELD),0,#N/A,0,380,
GH98673,1026575,SHOCK ABSORBER BACK SATURN VUE 2008(SHIELD),14,14,0,220,
GH98816,1026579,SHOCK ABSORBER FR LH PILOT 2015 YF5 (SHIELD),2,2,0,220,
GH98673,1026579,SHOCK ABSORBER FR LH PILOT 2015 YF5 (SHIELD),2,2,0,330,
GH98816,1026580,SHOCK ABSORBER FR RH PILOT 2015 YF5 (SHIELD),2,2,0,330,
GH98673,1026580,SHOCK ABSORBER FR RH PILOT 2015 YF5 (SHIELD),2,2,0,330,
GH98673,1026837,SHOCK ABSORBER FR RH HIGHLANDER 2005 ACU20 2WD/4WD (GOR),5,5,0,330,
GH98816,1026837,SHOCK ABSORBER FR RH HIGHLANDER 2005 ACU20 2WD/4WD (GOR),1,1,0,330,
GH98907,1026837,SHOCK ABSORBER FR RH HIGHLANDER 2005 ACU20 2WD/4WD (GOR),2,2,0,330,
GH98816,1026838,SHOCK ABSORBER FR LH HIGHLANDER 2005 ACU20 2WD/4WD (GOR),1,1,0,430,
GH98907,1026838,SHOCK ABSORBER FR LH HIGHLANDER 2005 ACU20 2WD/4WD (GOR),2,2,0,430,
GH98673,1026838,SHOCK ABSORBER FR LH HIGHLANDER 2005 ACU20 2WD/4WD (GOR),5,5,0,430,
GH98907,1026839,SHOCK ABSORBER BACK RH HIGHLANDER 2005 ACU20 2WD (GOR),4,4,0,430,
GH98673,1026839,SHOCK ABSORBER BACK RH HIGHLANDER 2005 ACU20 2WD (GOR),0,0,0,430,
GH98673,1027528,SHOCK ABSORBER BACK LH HIGHLANDER 2007 GSU40 2WD/VENZA (GOR),7,7,0,430,
GH98907,1027528,SHOCK ABSORBER BACK LH HIGHLANDER 2007 GSU40 2WD/VENZA (GOR),6,6,0,308,
GH98907,1027529,SHOCK ABSORBER BACK RH HIGHLANDER 2007 GSU40 2WD/VENZA (GOR),6,6,0,430,
GH98673,1027529,SHOCK ABSORBER BACK RH HIGHLANDER 2007 GSU40 2WD/VENZA (GOR),7,7,0,430,
GH98907,1028056,SHOCK ABSORBER FR LH RAV4 2019 AXAA54(GOR),1,1,0,430,
GH98907,1028057,SHOCK ABSORBER FR RH RAV4 2019 AXAA54(GOR),1,1,0,430,
GH98907,1028058,SHOCK ABSORBER BACK RAV4 2020 AXAA54/CAMRY 2018 ASV70/COROLLA 2020 ZWE210 (GOR),4,4,0,430,
GH98673,1028058,SHOCK ABSORBER BACK RAV4 2020 AXAA54/CAMRY 2018 ASV70/COROLLA 2020 ZWE210 (GOR),18,18,0,430,
GH98673,1028062,SHOCK ABSORBER FR LH TOYOTA CAMRY 2018 (SHORT) (GOR),3,3,0,462,
GH98673,1028063,SHOCK ABSORBER FR RH TOYOTA CAMRY 2018 (SHORT) (GOR),3,3,0,462,
GH98673,1028064,SHOCK ABSORBER  FR LH  HONDA CIVIC 2017(GOR),4,4,0,462,
GH98907,1028064,SHOCK ABSORBER  FR LH  HONDA CIVIC 2017(GOR),6,6,0,462,
GH98907,1028065,SHOCK ABSORBER  FR RH  HONDA CIVIC 2017(GOR),6,6,0,275,
GH98673,1028065,SHOCK ABSORBER  FR RH  HONDA CIVIC 2017(GOR),4,4,0,230,
GH98907,1028073,SHOCK ABSORBER FR LH HIGHLANDER 2020 GSU75 (GOR),2,2,0,195,
GH98673,1028073,SHOCK ABSORBER FR LH HIGHLANDER 2020 GSU75 (GOR),3,3,0,300,
GH98816,1028073,SHOCK ABSORBER FR LH HIGHLANDER 2020 GSU75 (GOR),2,2,0,300,
GH98673,1028074,SHOCK ABSORBER FR RH HIGHLANDER 2020 GSU75 (GOR),3,3,0,300,
GH98907,1028074,SHOCK ABSORBER FR RH HIGHLANDER 2020 GSU75 (GOR),2,2,0,300,
GH98816,1028074,SHOCK ABSORBER FR RH HIGHLANDER 2020 GSU75 (GOR),2,2,0,170,
GH98907,1028080,SHOCK ABSORBER FR LH HONDA CRV 2017 RW3 (GOR),0,0,0,170,
GH98673,1028080,SHOCK ABSORBER FR LH HONDA CRV 2017 RW3 (GOR),4,4,0,170,
GH98673,1028081,SHOCK ABSORBER FR RH HONDA CRV 2017 RW3 (GOR),4,4,0,300,
GH98907,1028081,SHOCK ABSORBER FR RH HONDA CRV 2017 RW3 (GOR),0,0,0,300,
GH98907,1028082,SHOCK ABSORBER BACK HONDA CRV 2017 RW4 (GOR),10,10,0,160,
GH98673,1028082,SHOCK ABSORBER BACK HONDA CRV 2017 RW4 (GOR),10,10,0,285,
GH98816,1028083,SHOCK ABSORBER FR LH COROLLA 2014 ZRE172 (GOR),3,3,0,285,
GH98907,1028083,SHOCK ABSORBER FR LH COROLLA 2014 ZRE172 (GOR),6,6,0,285,
GH98673,1028083,SHOCK ABSORBER FR LH COROLLA 2014 ZRE172 (GOR),6,6,0,285,
GH98673,1028084,SHOCK ABSORBER  FR RH COROLLA 2014 ZRE172(GOR),6,6,0,330,
GH98907,1028084,SHOCK ABSORBER  FR RH COROLLA 2014 ZRE172(GOR),6,6,0,380,
GH98816,1028084,SHOCK ABSORBER  FR RH COROLLA 2014 ZRE172(GOR),3,3,0,380,
GH98816,1028089,SHOCK ABSORBER BACK SANTA FE/SORENTO 2013 (SHORT) (GOR),0,#N/A,0,380,
GH98907,1028089,SHOCK ABSORBER BACK SANTA FE/SORENTO 2013 (SHORT) (GOR),8,8,0,380,
GH98673,1028472,STABILIZER LINK FR ELANTRA 2017/CERATO 2020/KONA 2018  (FROTISE),0,0,0,190,
GH98907,1028531,SHOCK ABSORBER BACK TOYOTA RUSH 2020 F800(SHIELD),10,10,0,500,
GH98673,1029006,SHOCK ABSORBER FR RH SUZUKI S-PRESSO 2019 (GOR),0,0,0,500,
GH98907,1029006,SHOCK ABSORBER FR RH SUZUKI S-PRESSO 2019 (GOR),0,0,0,145,
GH98673,1029007,SHOCK ABSORBER FR LH SUZUKI S-PRESSO 2019 (GOR),0,0,0,150,
GH98907,1029007,SHOCK ABSORBER FR LH SUZUKI S-PRESSO 2019 (GOR),0,0,0,150,
GH98907,1029366,SHOCK ABSORBER FR RH RUSH 2020 F800(SHIELD),2,2,0,160,
GH98907,1029367,SHOCK ABSORBER FR LH RUSH 2020 F800(SHIELD),2,2,0,160,
GH98907,1029508,SHOCK ABSORBER BACK HILUX VIGO 4WD KUN25 (GAS) (GOR),8,8,0,165,
GH98907,1029509,SHOCK ABSORBER BACK ROGUE/QASHQAI/X-TRAIL 2007-2014 (GOR),2,2,0,300,
GH98673,1029509,SHOCK ABSORBER BACK ROGUE/QASHQAI/X-TRAIL 2007-2014 (GOR),10,10,0,300,
GH98907,1029510,SHOCK ABSORBER BACK TUCSON 11/SPORTAGE 10/SONATA 10  2015/IX35 (GOR),0,0,0,300,
GH98816,1029511,SHOCK ABSORBER BACK MATIZ III (GOR),0,#N/A,0,300,
GH98673,1029511,SHOCK ABSORBER BACK MATIZ III (GOR),0,0,0,300,
GH98907,1029511,SHOCK ABSORBER BACK MATIZ III (GOR),0,0,0,300,
GH98816,1029512,SHOCK ABSORBER FR LH HIGHLANDER 2014 GSU55 (GOR),0,#N/A,0,310,
GH98907,1029512,SHOCK ABSORBER FR LH HIGHLANDER 2014 GSU55 (GOR),0,0,0,310,
GH98673,1029512,SHOCK ABSORBER FR LH HIGHLANDER 2014 GSU55 (GOR),0,0,0,310,
GH98673,1029513,SHOCK ABSORBER FR RH HIGHLANDER 2014 GSU55 (GOR),0,0,0,310,
GH98816,1029513,SHOCK ABSORBER FR RH HIGHLANDER 2014 GSU55 (GOR),0,#N/A,0,300,
GH98907,1029513,SHOCK ABSORBER FR RH HIGHLANDER 2014 GSU55 (GOR),0,0,0,300,
GH98907,1029515,SHOCK ABSORBER BACK CIVIC 2017 FK3 (GOR),12,12,0,300,
GH98816,1029516,SHOCK ABSORBER FR LH HONDA CIVIC 2013 FB2 (GOR),4,3,1,300,
GH98907,1029516,SHOCK ABSORBER FR LH HONDA CIVIC 2013 FB2 (GOR),0,0,0,330,
GH98907,1029517,SHOCK ABSORBER FR RH HONDA CIVIC 2013 FB2 (GOR),0,0,0,330,
GH98816,1029517,SHOCK ABSORBER FR RH HONDA CIVIC 2013 FB2 (GOR),4,3,1,160,
GH98907,1029518,SHOCK ABSORBER BACK HONDA HR-V 2013  (GOR),12,12,0,160,
GH98907,1029519,SHOCK ABSORBER BACK DODGE CALIBER/JEEP PATRIOT (GOR),4,4,0,350,
GH98907,1029520,SHOCK ABSORBER FR PAJERO 2002/2008 V73/V97 (GOR),0,0,0,350,
GH98907,1029521,SHOCK ABSORBER BACK PAJERO 2002/2008 V73/V97 (GOR),4,4,0,290,
GH98907,1029522,SHOCK ABSORBER BACK FORD ESCAPE 2002/MAZDA TRIBUTE EP (GOR),6,6,0,290,
GH98907,1029523,SHOCK ABOSORBER BACK HONDA CRV 2014 RM4 (GOR),0,0,0,290,
GH98907,1029525,SHOCK ABSORBER BACK HONDA CRV 2009 RE7 (GOR),0,0,0,290,
GH98673,1029527,SHOCK ABSORBER FR LH NISSAN ROGUE S35/QASHQAI J10E/X-TRAIL 2007 T31 (GOR),0,0,0,350,
GH98907,1029527,SHOCK ABSORBER FR LH NISSAN ROGUE S35/QASHQAI J10E/X-TRAIL 2007 T31 (GOR),2,2,0,350,
GH98907,1029528,SHOCK ABSORBER FR RH NISSAN ROGUE S35/QASHQAI J10E/X-TRAIL 2007 T31 (GOR),2,2,0,350,
GH98673,1029528,SHOCK ABSORBER FR RH NISSAN ROGUE S35/QASHQAI J10E/X-TRAIL 2007 T31 (GOR),0,0,0,350,
GH98673,1029529,SHOCK ABSORBER BACK NISSAN SENTRA B17 (GOR),2,2,0,350,
GH98907,1029529,SHOCK ABSORBER BACK NISSAN SENTRA B17 (GOR),2,2,0,350,
GH98816,1029529,SHOCK ABSORBER BACK NISSAN SENTRA B17 (GOR),0,#N/A,0,320,
GH98907,1029531,SHOCK ABSORBER FR LH HONDA CRV 2009 RE7 (GOR),6,6,0,320,
GH98907,1029532,SHOCK ABSORBER FR RH HONDA CRV 2009 RE7 (GOR),6,6,0,320,
GH98907,1029533,SHOCK ABSORBER BACK CHEVROLET CRUZE 2009 J300 (GOR),16,16,0,320,
GH98673,1029535,SHOCK ABSORBER FR LH IX35/SPORTAGE/TUCSON 2009 (GOR),3,3,0,215,
GH98907,1029535,SHOCK ABSORBER FR LH IX35/SPORTAGE/TUCSON 2009 (GOR),10,10,0,215,
GH98907,1029536,SHOCK ABSORBER FR RH IX35/SPORTAGE/TUCSON 2009 (GOR),10,10,0,270,
GH98673,1029536,SHOCK ABSORBER FR RH IX35/SPORTAGE/TUCSON 2009 (GOR),3,3,0,270,
GH98907,1029537,SHOCK ABSORBER FR LH NISSAN SENTRA B17 (GOR),5,5,0,270,
GH98673,1029537,SHOCK ABSORBER FR LH NISSAN SENTRA B17 (GOR),2,2,0,270,
GH98907,1029538,SHOCK ABSORBER FR RH NISSAN SENTRA B17 (GOR),5,5,0,270,
GH98673,1029538,SHOCK ABSORBER FR RH NISSAN SENTRA B17 (GOR),2,2,0,270,
GH98907,1029539,SHOCK ABSORBER COROLLA 2020 ZRE212 FR LH (GOR),2,2,0,175,
GH98907,1029540,SHOCK ABSORBER COROLLA 2020 ZRE212 FR RH (GOR),2,2,0,175,
GH98907,1029541,SHOCK ABSORBER FR LH HONDA ACCORD 2018 (GOR),7,7,0,110,
GH98673,1027266,SHOCK ABSORBER FR RH HYUNDAI KONA 2017 (SHIELD),2,2,0,210,
GH98673,1027267,SHOCK ABSORBER BACK HYUNDAI KONA 2017 (SHIELD),10,10,0,300,
GH98816,1027268,SHOCK ABSORBER HONDA HR-V 2013 FR LH (SHIELD),3,2,1,300,
GH98673,1027268,SHOCK ABSORBER HONDA HR-V 2013 FR LH (SHIELD),1,1,0,300,
GH98907,1027268,SHOCK ABSORBER HONDA HR-V 2013 FR LH (SHIELD),2,2,0,300,
GH98907,1027269,SHOCK ABSORBER HONDA HR-V 2013  FR RH (SHIELD),2,2,0,360,
GH98673,1027269,SHOCK ABSORBER HONDA HR-V 2013  FR RH (SHIELD),1,1,0,360,
GH98816,1027269,SHOCK ABSORBER HONDA HR-V 2013  FR RH (SHIELD),3,2,1,150,
GH98673,1027271,SHOCK ABSORBER FR RH TOYOTA C-HR 2016 ZYX10 (SHIELD),1,1,0,160,
GH98816,1027271,SHOCK ABSORBER FR RH TOYOTA C-HR 2016 ZYX10 (SHIELD),1,1,0,160,
GH98673,1027272,SHOCK ABSORBER FR LH TOYOTA C-HR 2016 ZYX10 (SHIELD),1,1,0,155,
GH98816,1027272,SHOCK ABSORBER FR LH TOYOTA C-HR 2016 ZYX10 (SHIELD),1,1,0,145,
GH98673,1027273,SHOCK ABSORBER BACK TOYOTA C-HR 2016 ZYX10 (SHIELD),10,10,0,145,
GH98673,1027274,SHOCK ABSORBER CRETA 2015 FR LH (SHIELD),4,4,0,145,
GH98816,1027274,SHOCK ABSORBER CRETA 2015 FR LH (SHIELD),4,3,1,345,
GH98673,1027275,SHOCK ABSORBER CRETA 2015 FR RH (SHIELD),4,4,0,345,
GH98816,1027275,SHOCK ABSORBER CRETA 2015 FR RH (SHIELD),4,3,1,345,
GH98673,1027276,SHOCK ABSORBER BACK CRETA 2015 (SHIELD),12,12,0,345,
GH98907,1027392,SHOCK ABSORBER CRUZE 2017 FR RH(SHIELD),2,2,0,345,
GH98907,1027393,SHOCK ABSORBER CRUZE 2017 FR LH(SHIELD),2,2,0,345,
GH98673,1027520,SHOCK ABSORBER BACK (2010) HARDBODY D22 (BIG TUBE) ( GOR),0,0,0,160,
GH98907,1027521,SHOCK ABSORBER BACK RIO 2005/ACCENT 2005(GOR),6,6,0,290,
GH98673,1027521,SHOCK ABSORBER BACK RIO 2005/ACCENT 2005(GOR),0,0,0,290,
GH98907,1027522,SHOCK ABSORBER BACK IX35/SPORTAGE/TUCSON 2010 4WD (GOR),8,8,0,290,
GH98673,1027522,SHOCK ABSORBER BACK IX35/SPORTAGE/TUCSON 2010 4WD (GOR),10,10,0,290,
GH98673,1027523,SHOCK ABSORBER BACK SANTA FE 2006/2011(GOR),14,14,0,180,
GH98907,1027524,SHOCK ABSORBER FR LH HIGHLANDER 2008 2WD/4WD GSU45(GOR),0,0,0,185,
GH98673,1027524,SHOCK ABSORBER FR LH HIGHLANDER 2008 2WD/4WD GSU45(GOR),0,0,0,225,
GH98816,1027524,SHOCK ABSORBER FR LH HIGHLANDER 2008 2WD/4WD GSU45(GOR),0,#N/A,0,175,
GH98907,1027525,SHOCK ABSORBER FR RH HIGHLANDER 2008 2WD/4WD GSU45(GOR),0,0,0,160,
GH98816,1027525,SHOCK ABSORBER FR RH HIGHLANDER 2008 2WD/4WD GSU45(GOR),0,#N/A,0,330,
GH98673,1027525,SHOCK ABSORBER FR RH HIGHLANDER 2008 2WD/4WD GSU45(GOR),0,0,0,330,
GH98907,1027526,SHOCK ABSORBER BACK LH HIGHLANDER 2007 GSU45 4WD/VENZA(GOR),0,0,0,330,
GH98673,1027526,SHOCK ABSORBER BACK LH HIGHLANDER 2007 GSU45 4WD/VENZA(GOR),0,0,0,300,
GH98907,1027527,SHOCK ABSORBER BACK RH HIGHLANDER 2007 GSU45 4WD/VENZA(GOR),0,0,0,300,
GH98673,1027527,SHOCK ABSORBER BACK RH HIGHLANDER 2007 GSU45 4WD/VENZA(GOR),0,0,0,350,
GH98907,1029542,SHOCK ABSORBER FR RH HONDA ACCORD 2018 (GOR),7,7,0,350,
GH98907,1029543,SHOCK ABSORBER FR RH MATIZ III (GOR),0,0,0,250,
GH98673,1029543,SHOCK ABSORBER FR RH MATIZ III (GOR),0,0,0,250,
GH98907,1029544,SHOCK ABSORBER FR LH MATIZ III (GOR),0,0,0,250,
GH98673,1029544,SHOCK ABSORBER FR LH MATIZ III (GOR),0,0,0,250,
GH98907,1029545,SHOCK ABSORBER BACK ACCENT 2017/RIO 2015 (GOR),10,10,0,160,
GH98673,1029545,SHOCK ABSORBER BACK ACCENT 2017/RIO 2015 (GOR),0,0,0,160,
GH98907,1029548,SHOCK ABSORBER HONDA HR-V 2013 FR LH (GOR),8,8,0,380,
GH98907,1029549,SHOCK ABSORBER HONDA HR-V 2013 FR RH (GOR),8,8,0,380,
GH98907,1030212,SHOCK ABSORBER FR RH NISSAN ALMERA/VERSA 2013 N17 (GOR),4,4,0,250,
GH98907,1030214,SHOCK ABSORBER FR LH NISSAN ALMERA/VERSA 2013 N17 (GOR),4,4,0,250,
GH98907,1030217,SHOCK ABSORBER BACK HIGHLANDER 2013 GSU55 (GOR),8,8,0,210,
GH98907,1030219,SHOCK ABSORBER BACK NISSAN JUKE F15 (GOR),10,10,0,195,
GH98907,1030220,SHOCK ABSORBER ELANTRA 2017 FR RH (GOR),4,4,0,290,
GH98907,1030221,SHOCK ABSORBER ELANTRA 2017 FR LH (GOR),4,4,0,290,
GH98907,1030222,SHOCK ABSORBER CAMRY 2018 ASV70 FR LH (LONG) (GOR),2,2,0,350,
GH98907,1030223,SHOCK ABSORBER CAMRY 2018 ASV70 FR RH (LONG) (GOR),2,2,0,350,
GH98907,1030263,SHOCK ABSORBER FR RH TUCSON 2015 (GOR),2,2,0,370,
GH98673,1030263,SHOCK ABSORBER FR RH TUCSON 2015 (GOR),0,0,0,370,
GH98907,1030264,SHOCK ABSORBER FR LH TUCSON 2015 (GOR),2,2,0,370,
GH98673,1030264,SHOCK ABSORBER FR LH TUCSON 2015 (GOR),0,0,0,370,
GH98673,1030292,SHOCK ABSORBER FR LH OUTLANDER 2015 GF (SHIELD),3,3,0,450,
GH98907,1030292,SHOCK ABSORBER FR LH OUTLANDER 2015 GF (SHIELD),0,0,0,450,
GH98816,1030292,SHOCK ABSORBER FR LH OUTLANDER 2015 GF (SHIELD),1,1,0,450,
GH98673,1030293,SHOCK ABSORBER FR RH OUTLANDER 2015 GF (SHIELD),3,3,0,450,
GH98816,1030293,SHOCK ABSORBER FR RH OUTLANDER 2015 GF (SHIELD),1,1,0,450,
GH98907,1030293,SHOCK ABSORBER FR RH OUTLANDER 2015 GF (SHIELD),0,0,0,450,
GH98907,1030294,SHOCK ABSORBER BACK OUTLANDER 2015 GF(SHIELD),10,10,0,250,
GH98673,1030294,SHOCK ABSORBER BACK OUTLANDER 2015 GF(SHIELD),8,8,0,250,
