Code,Name,Stock,Price,New
1002349,SHOCK ABSORBER AVENSIS 2005/MATRIX/VIBE 2005 ZZE130 FR LH (SHIELD),0,255,
1002368,SHOCK ABSORBER FR RH RAV4 2008 ACA33 (SHIELD),40,325,1
1002371,SHOCK ABSORBER FR LH RAV4 2008 ACA33 (SHIELD),40,325,1
1002374,SHOCK ABSORBER FR RH COROLLA 2009 S.A. MODEL ZRE152 (SHIELD),36,310,
1002375,SHOCK ABSORBER FR LH COROLLA 2009 S.A. MODEL ZRE152 (SHIELD),36,310,
1002376,SHOCK ABSORBER FR RH COROLLA 2009 ZRE141/MATRIX/VIBE 2009 (SHIELD),148,275,
1002377,SHOCK ABSORBER FR LH COROLLA 2009 ZRE141/MATRIX/VIBE 2009 (SHIELD),163,275,
1002378,SHOCK ABSORBER SCION XD 2009 NCP110 FR RH (SHIELD),0,325,
1002379,SHOCK ABSORBER SCION XD 2009 NCP110 FR LH (SHIELD),0,295,
1002380,SHOCK ABSORBER FR RH NISSAN ROGUE S35 (SHIELD),54,340,
1002381,SHOCK ABSORBER FR LH NISSAN ROGUE S35 (SHIELD),54,340,
1002398,SHOCK ABSORBER BACK NISSAN SENTRA/ALMERA/SUNNY B14 (SHIELD),26,190,
1002400,SHOCK ABSORBER FR PRADO 1996 KZJ95/TUNDRA/SEQUOIA/4RUNNER (SHIELD),14,260,
1002406,SHOCK ABSORBER FR HONDA CRV 1996 RD1 (SHIELD),12,200,
1002408,SHOCK ABSORBER BACK HONDA CRV 1996 RD1 (SHIELD),0,270,
1002409,SHOCK ABSORBER BACK NISSAN SENTRA/ALMERA/SUNNY B15 (SHIELD),164,185,
1002419,SHOCK ABSORBER COROLLA 2003 ZZE130 BACK(GOR),62,155,
1002421,SHOCK ABSORBER BACK COROLLA S ZZE130 (SHIELD),332,180,
1002431,SHOCK ABSORBER BACK KIA PRIDE/MAZDA DEMIO 1996 DW3/AVELLA (SHIELD),104,185,
1002432,SHOCK ABSORBER BACK KIA PRIDE/MAZDA DEMIO 1996 DW3/AVELLA (GOR),1,160,
1002433,SHOCK ABSORBER MATRIX/VIBE 2005 2WD ZZE130 BACK (SHIELD),0,69,
1002434,SHOCK ABSORBER HILUX VIGO/PRADO 2002/2009 KZJ120/KDJ150 FR (SHIELD),0,235,
1002437,SHOCK ABSORBER FR HILUX VIGO/PRADO 2002/2009 KZJ120/KDJ150 (SHILED),241,270,
1002441,SHOCK ABSORBER HILUX VIGO 2WD KUN15 FR LH (SHIELD),0,235,
1002442,SHOCK ABSORBER HILUX VIGO 2WD KUN15 FR RH (SHIELD),0,259,
1002447,SHOCK ABSORBER BACK COROLLA 2009 ZRE141/MATRIX/VIBE 2009 (SHIELD),170,195,
1002448,SHOCK ABSORBER BACK HONDA CRV 2002 RD5 (SHIELD),77,210,
1002450,SHOCK ABSORBER AVENSIS 2005 AZT250 BACK (SHIELD),0,65,
1002476,SHOCK ABSORBER (1183) (GAS)COMMERCIAL/HILUX 1990 LN106/LN166 4WD BACK (SHIELD),0,85,
1002480,SHOCK ABSORBER BACK SUZUKI VITARA 88-05 (SHIELD),0,78,
1002482,SHOCK ABSORBER BACK SUZUKI VITARA 88-05 (SHIELD),6,170,
1002483,SHOCK ABSORBER BACK NISSAN MARCH 1998 K11 (SHIELD),5,175,
1002485,SHOCK ABSORBER BACK RAV4 1998/2004 SXA11/ACA21 (SHIELD),139,190,
1002496,SHOCK ABSORBER ECHO 2000 SCP10 BACK(GOR),106,150,
1002499,SHOCK ABSORBER BACK ECHO 2000 NCP10 (SHIELD),233,170,
1002502,SHOCK ABSORBER BACK PATHFINDER 1998 R50 (GAS)(SHIELD),1,180,
1002519,SHOCK ABSORBER BACK (2010) NISSAN HARDBODY D22 (GAS) (SHIELD),0,55,
1002520,SHOCK ABSORBER FR (2635) NISSAN HARDBODY D22 (GAS) SHILED,0,80,
1002521,SHOCK ABSORBER BACK HONDA CITY/FIT 2004 (SHIELD),0,150,
1002527,SHOCK ABSORBER BACK NISSAN VERSA/TIIDA C11/MARCH 2005 K12 (SHIELD),174,195,
1002528,SHOCK ABSORBER BACK NISSAN CARAVAN TD NEW MODEL E25 (GAS) (SHIELD),18,180,
1002533,SHOCK ABSORBER BACK YARIS 2005 KSP90 (SHIELD),1361,170,
1002541,SHOCK ABSORBER HIACE 1995 LH113 BACK SHIELD,0,50,
1002543,SHOCK ABSORBER (2773)(GAS) COMMERCIAL/HILUX 1990 LN166 4WD FR (SHIELD),0,50,
1002544,SHOCK ABSORBER (2639)(GAS) COMMERCIAL FR SHIELD,0,50,
1002547,SHOCK ABSORBER FR (2639)(GAS) COMMERCIAL  (SHIELD),0,116,
1002554,SHOCK ABSORBER BACK (2614) COMMERCIAL CAR (SHIELD),0,127,
1002555,SHOCK ABSORBER BACK PRADO 1996 KZJ95/4RUNNER (GAS) (SHIELD),0,215,
1002559,SHOCK ABSORBER FR (2639) (GAS) (SHIELD),36,140,1
1002568,SHOCK ABSORBER BACK PRADO 2002/2009 KZJ120/KDJ150 (SHIELD),1,220,
1002572,SHOCK ABSORBER FR CARAVAN TD NEW MODEL E25 (SHIELD),10,195,1
1002575,SHOCK ABSORBER FR KIA RHINO 1 (SHIELD),8,225,
1002579,SHOCK ABSORBER COROLLA 2012 S.A. MODEL/SCION XD 2009 NCP110 BACK (SHIELD),0,60,
1002582,SHOCK ABSORBER BACK HILUX VIGO 4WD KUN25 (GAS) (SHIELD),102,185,
1002583,SHOCK ABSORBER HILUX VIGO 2WD KUN15 BACK (GAS) (SHIELD),0,160,
1002584,SHOCK ABSORBER BACK RAV4 2008 ACA33 (SHIELD),354,180,
1002587,SHOCK ABSORBER BACK COROLLA 2009 S.A. MODEL ZRE152 (SHIELD),0,190,
1002587,SHOCK ABSORBER BACK COROLLA 2009 S.A. MODEL ZRE152 (SHIELD),77,190,
1002588,SHOCK ABSORBER BACK NISSAN ROGUE/X-TRAIL T31/QASHQAI (SHIELD),0,145,
1002801,SHOCK ABSORBER SUZUKI CARRY NEW MODEL DA62 FR RH GOR,0,105,
1002802,SHOCK ABSORBER SUZUKI CARRY NEW MODEL DA62 FR LH GOR,0,96,
1002114,SHOCK ABSORBER FR RH HONDA CRV 2002 RD5 (SHIELD),5,430,
1002115,SHOCK ABSORBER FR LH HONDA CRV 2002 RD5 (SHIELD),5,430,
1002121,SHOCK ABSORBER NISSAN MARCH 1996 K11 FR RH SHIELD,0,275,
1002122,SHOCK ABSORBER NISSAN MARCH 1996 K11 FR LH (SHIELD),1,275,
1002138,SHOCK ABSORBER BACK RH CARINA E AT211(SHIELD),23,280,
1002143,SHOCK ABSORBER BACK LH CARINA E AT211(SHIELD),23,280,
1002146,SHOCK ABSORBER COROLLA AE100 FR RH(GOR),2,240,
1002148,SHOCK ABSORBER FR RH COROLLA 2002 AE110  (SHIELD),104,265,
1002150,SHOCK ABSORBER COROLLA AE100 FR LH(GOR),2,240,
1002152,SHOCK ABSORBER FR LH  COROLLA 2002 AE110 (SHIELD),104,265,
1002154,SHOCK ABSORBER BACK RH COROLLA 2002 AE110 (GOR),0,240,
1002156,SHOCK ABSORBER BACK RH COROLLA 2002 AE110 £¨SHIELD£©,152,265,
1002158,SHOCK ABSORBER BACK LH COROLLA 2002 AE110 (GOR),0,240,
1002160,SHOCK ABSORBER BACK LH COROLLA 2002 AE110 £¨SHIELD£©,145,265,
1002167,SHOCK ABSORBER FR RH CARINA E AT211(SHIELD),16,265,
1002173,SHOCK ABSORBER FR LH CARINA E AT211 (SHIELD),16,265,
1002187,SHOCK ABSORBER FR RH NISSAN SUNNY/SENTRA/ALMERA B14 (SHIELD),25,265,
1002188,SHOCK ABSORBER FR LH NISSAN SUNNY/SENTRA/ALMERA B14 (SHIELD),25,265,
1002192,SHOCK ABSORBER FR ECHO 2000 NCP10(SHIELD ),76,265,
1002195,SHOCK ABSORBER FR RH KIA PRIDE/MAZDA DEMIO 1996 DW3/KIA AVELLA  (SHIELD),2,260,
1002196,SHOCK ABSORBER FR LH KIA PRIDE/MAZDA DEMIO 1996 DW3/KIA AVELLA  (SHIELD),0,260,
1002204,SHOCK ABSORBER FR RH SENTRA/ALMERA/SUNNY B15  (SHIELD ),83,260,
1002206,SHOCK ABSORBER FR LH SENTRA/ALMERA/SUNNY B15  (SHIELD ),84,260,
1002207,SHOCK ABSORBER FR RH HONDA CITY/FIT 2004 GD1 (SHIELD),0,314,
1002208,SHOCK ABSORBER FR LH HONDA CITY/FIT 2004 GD1 (SHIELD),0,314,
1002212,SHOCK ABSORBER FR RH COROLLA S ZZE130 (SMALL TUBE)(SHIELD),0,286,
1002218,SHOCK ABSORBER FR LH COROLLA S ZZE130 (SMALL TUBE)(SHIELD),0,286,
1002223,SHOCK ABSORBER FR RH NISSAN VERSA/TIIDA C11 (SHIELD),26,285,
1002224,SHOCK ABSORBER FR LH NISSAN VERSA/TIIDA C11 (SHIELD),26,285,
1002225,SHOCK ABSORBER FR RH NISSAN MARCH 2005 K12 (SHIELD),17,315,
1002226,SHOCK ABSORBER FR LH NISSAN MARCH 2005 K12 (SHIELD),17,315,
1002240,SHOCK ABSORBER SUZUKI VITARA 88-05 FR RH (ZX),0,100,
1002241,SHOCK ABSORBER FR RH SUZUKI VITARA 88-05 (SHIELD),0,295,
1002243,SHOCK ABSORBER SUZUKI VITARA 88-05 FR LH (ZX),0,100,
1002244,SHOCK ABSORBER FR LH SUZUKI VITARA 88-05 (SHIELD),0,295,
1002271,SHOCK ABSORBER RAV4 1998 SXA11 FR RH (SHIELD ),0,270,
1002276,SHOCK ABSORBER RAV4 1998 SXA11 FR LH (SHIELD ),0,270,
1002283,SHOCK ABSORBER HIGHLANDER 2003 ACU20 2WD/4WD FR RH (SHIELD),0,255,
1002286,SHOCK ABSORBER HIGHLANDER 2003 ACU20 2WD/4WD FR LH (SHIELD),0,281,
1002311,SHOCK ABSORBER FR RH RAV4 2004 ACA21 (SHIELD),1,345,
1002311,SHOCK ABSORBER FR RH RAV4 2004 ACA21 (SHIELD),28,345,
1002314,SHOCK ABSORBER FR LH RAV4 2004 ACA21 (SHIELD ),1,345,
1002314,SHOCK ABSORBER FR LH RAV4 2004 ACA21 (SHIELD ),28,345,
1002323,SHOCK ABSORBER FR RH NISSAN X-TRAIL 2002 T30  (SHIELD ),18,360,
1002324,SHOCK ABSORBER FR LH NISSAN X-TRAIL 2002 T30  SHIELD,18,360,
1002325,SHOCK ABSORBER BACK RH NISSAN X-TRAIL 2002 T30 (SHIELD ),0,360,
1002326,SHOCK ABSORBER BACK LH NISSAN X-TRAIL 2002 T30 (SHIELD ),0,360,
1002327,SHOCK ABSORBER BACK RH HIGHLANDER 2005 ACU20 2WD (SHIELD),80,340,
1002330,SHOCK ABSORBER BACK LH HIGHLANDER 2005 ACU20 2WD (SHIELD),80,340,
1002333,SHOCK ABSORBER BACK RH HIGHLANDER 2005 ACU20 4WD(SHIELD),22,340,
1002335,SHOCK ABSORBER BACK LH HIGHLANDER 2005 ACU20 4WD(SHIELD),21,340,
1002337,SHOCK ABSORBER FR RH HIGHLANDER 2005 ACU20 2WD/4WD (SHIELD),15,335,
1002339,SHOCK ABSORBER FR LH HIGHLANDER 2005 ACU20 2WD/4WD (SHIELD),16,335,
1002344,SHOCK ABSORBER FR RH SUZUKI GRAND VITARA 2005 (SHIELD),39,360,
1002345,SHOCK ABSORBER FR LH SUZUKI GRAND VITARA 2005 (SHIELD),39,360,
1002348,SHOCK ABSORBER AVENSIS 2005/MATRIX/VIBE 2005 ZZE130 FR RH (SHIELD),0,255,
1005123,SHOCK ABSORBER BUSH HILUX VIGO/PRADO 1996/2002 KZJ95/120 BACK(FROTIS),0,2,
1005160,SHOCK ABSORBER BUSH FR HILUX VIGO 4WD (FROTISE),106,33,
1004669,SHOCK ABSORBER FR NISSAN PATROL Y61(BIG TUBE)(SHIELD),31,270,
1004670,SHOCK ABSORBER BACK NISSAN PATROL Y61(BIG TUBE) (SHIELD),41,270,
1003720,SHOCK ABSORBER FR LAND CRUISER 2012 AKUA DONKOR VDJ200/TUNDRA (SHIELD),28,285,
1003773,SHOCK ABSORBER BACK AKUA DONKOR LAND CRUISER 2009 VDJ200/TUNDRA (SHIELD),0,119,
1003775,SHOCK ABSORBER BACK LAND CRUISER 2000 HZJ105 (SHIELD),0,270,
1003150,SHOCK ABSORBER FR (2613) COMMERCIAL CAR (SHIELD),40,200,
1003154,SHOCK ABSORBER BACK (2027) COMMERCIAL CAR/HILUX VIGO (SHIELD),0,175,
1003159,SHOCK ABSORBER BACK (2010) HARDBODY D22 (BIG TUBE) ( SHIELD),0,160,
1003159,SHOCK ABSORBER BACK (2010) HARDBODY D22 (BIG TUBE) ( SHIELD),123,160,
1003162,SHOCK ABSORBER FR (2639) COMMERCIAL CAR (SHIELD),0,140,
1003166,SHOCK ABSORBER FR (2635) COMMERCIAL/HARDBODY D22(BIG TUBE)  (SHIELD),400,145,
1007248,SHOCK ABSORBER BACK (GAS) KIA FRONTIER 1997 (SHIELD),0,105,
1005935,SHOCK ABSORBER EQUIPMENT ZX,0,1120,
1006601,SHOCK ABSORBER MAZDA DEMIO 2005 DY FR LH (SHIELD),0,281,
1006602,SHOCK ABSORBER MAZDA DEMIO 2005 DY FR RH (SHIELD),0,281,
1006611,SHOCK ABSORBER MAZDA DEMIO 2005 DY BACK (SHIELD),0,79,
1006694,SHOCK ABSORBER DUST COVER COROLLA 2002 AE110 BACK (LONG) FROTIS,142,35,
1005163,SHOCK ABSORBER BUSH FR LAND CRUISER 2012 VDJ200 (FROTISE),106,78,
1005164,SHOCK ABSORBER BUSH PRADO 1996 KZJ95/PRADO 2002 KZJ120 FR (FROTIS),0,13,
1005165,SHOCK ABSORBER FR BUSH LAND CRUISER 2000 HDJ100 (FROTIS),0,16,
1005279,SHOCK ABSORBER CUSHION (SMALL) UNIVERSAL (FROTIS),0,5,
1005280,SHOCK ABSORBER CUSHION (MEDIUM) UNIVERSAL (FROTIS),0,1,
1005282,SHOCK ABSORBER CUSHION (BIG) UNIVERSAL FROTIS,0,2,
1007447,SHOCK ABSORBER FR RH HONDA CRV 2009 RE7 (SHIELD),68,340,
1007448,SHOCK ABSORBER FR LH HONDA CRV 2009 RE7 (SHIELD),68,340,
1007449,SHOCK ABSORBER BACK HONDA CRV 2009 RE7 (SHIELD),129,240,
1007363,SHOCK ABSORBER NISSAN PRIMERA NEW MODEL P12 FR RH (SHIELD),0,418,
1007364,SHOCK ABSORBER NISSAN PRIMERA NEW MODEL P12 FR LH (SHIELD),0,418,
1007365,SHOCK ABSORBER FR (GAS) COMMERCAIL CAR(1634)(SHIELD),1,150,
1008233,SHOCK ABSORBER FR RH NISSAN MURANO 2004 Z50 (SHIELD),8,390,
1008234,SHOCK ABSORBER FR LH NISSAN MURANO 2004 Z50 (SHIELD),6,390,
1008235,SHOCK ABSORBER BACK NISSAN MURANO 2004 Z50 (SHIELD),20,195,
1008308,SHOCK ABSORBER RAV4 SXA11/ACA21 RR(GOR),0,132,
1009605,SHOCK ABSORBER BUSH BACK HONDA CRV 2004/2009 RD5/RE7(FROTISE),120,45,
1009767,SHOCK ABSORBER FR RH PICANTO 2004/I10 2007 (SHIELD),27,260,
1009768,SHOCK ABSORBER FR LH PICANTO 2004/I10 2007 (SHIELD),27,260,
1009769,SHOCK ABSORBER BACK I10/PICANTO 2004 (HOLE AND HOLE)(SHILED),0,165,
1009769,SHOCK ABSORBER BACK I10/PICANTO 2004 (HOLE AND HOLE)(SHILED),51,165,
1009770,SHOCK ABSORBER BACK HYUNDAI ATOS 1997  (SHIELD),59,165,
1009771,SHOCK ABSORBER FR RH HYUNDAI TUCSON/SPORTAGE 2004 (SHIELD),86,315,
1009772,SHOCK ABSORBER FR LH HYUNDAI TUCSON/SPORTAGE 2004 (SHIELD),87,315,
1009773,SHOCK ABSORBER BACK RH HYUNDAI TUCSON/SPORTAGE 2004 (SHIELD),88,340,
1009774,SHOCK ABSORBER BACK LH HYUNDAI TUCSON/SPORTAGE 2004 (SHIELD),88,340,
1009781,SHOCK ABSORBER FR MITSUBISH L200 2005 KB4 (SHIELD),193,240,
1009789,SHOCK ABSORBER BACK MITSUBISH L200 2005 KB4 (GAS) (SHIELD),4,170,
1009811,SHOCK ABSORBER  FR HYUNDAI STAREX H200(SHIELD),0,150,
1009812,SHOCK ABSORBER BACK  HYUNDAI STAREX H200 (SHIELD),31,175,
1009741,SHOCK ABSORBER FR LH MAZDA3 /FOCUS 2004 (SHIELD),1,314,
1009742,SHOCK ABSORBER FR RH MAZDA 3/FOCUS 2004 (SHIELD),0,314,
1009743,SHOCK ABSORBER BACK FORD FOCUS/MAZDA 3 2005 M3 (SHIELD),30,210,
1009744,SHOCK ABSORBER NISSAN ROGUE S35/QASHQAI J10E FR RH (SHIELD),0,390,
1009745,SHOCK ABSORBER NISSAN ROGUE S35/QASHQAI J10E FR LH (SHIELD),0,390,
1009749,SHOCK ABSORBER FR LH CAMRY 2007 ACV40  (SHIELD),45,315,1
1009750,SHOCK ABSORBER FR RH CAMRY 2007 ACV40  (SHIELD),45,315,1
1009751,SHOCK ABSORBER BACK RH CAMRY 2007 ACV40  (SHIELD),88,330,
1009752,SHOCK ABSORBER BACK LH CAMRY 2007 ACV40  (SHIELD),90,330,
1009753,SHOCK ABSORBER FR RH  CAMRY 2004 ACV30 (SHIELD),18,320,
1009754,SHOCK ABSORBER FR LH  CAMRY 2004 ACV30 (SHIELD),18,320,
1009755,SHOCK ABSORBER  BACK RH CAMRY 2002 ACV30 (SHIELD),0,325,
1009755,SHOCK ABSORBER  BACK RH CAMRY 2002 ACV30 (SHIELD),0,325,
1009756,SHOCK ABSORBER  BACK LH  CAMRY 2002 ACV30 (SHIELD),0,325,
1009756,SHOCK ABSORBER  BACK LH  CAMRY 2002 ACV30 (SHIELD),0,325,
1009757,SHOCK ABSORBER BACK NISSAN PATHFINDER 2008 R51 (SHIELD),1,225,
1009758,SHOCK ABSORBER KIA PICANTO 2004 FR RH (SHIELD),0,170,
1009759,SHOCK ABSORBER KIA PICANTO 2004 FR LH (SHIELD),0,170,
1009760,SHOCK ABSORBER BACK PICANTO NEW TYPE (HOLE AND PIN) (SHIELD),43,175,
1009761,SHOCK ABSORBER HYUNDAI SANTA FE 2000 FR RH (SHIELD),0,335,
1009762,SHOCK ABSORBER HYUNDAI SANTA FE 2000 FR LH (SHIELD),0,335,
1009763,SHOCK ABSORBER BACK SANTA FE 2000 (SHIELD),36,200,
1009764,SHOCK ABSORBER FR RH SANTA FE 2006/H-1 2008 (SHIELD),25,365,
1009765,SHOCK ABSORBER FR LH SANTA FE 2006/H-1 2008 (SHIELD),26,365,
1009766,SHOCK ABSORBER BACK SANTA FE 2006/2011(SHIELD),208,210,
1010593,SHOCK ABSORBER FR LH OUTLANDER 2006/2012 CW5 (SHIELD),0,140,
1010594,SHOCK ABSORBER FR RH OUTLANDER 2006/2012 CW5 (SHIELD),0,140,
1010693,SHOCK ABSORBER BACK (GAS) FORD RANGER 2006 BT50 (SHIELD),0,175,
1010704,SHOCK ABSORBER BACK (BUSH TO PIN) MAN TRUCK F 90 (ROCKMONT),78,300,
1010705,SHOCK ABSORBER BACK (BUSH TO BUSH) MAN M/L2000 (ROCKMONT),78,320,
1010384,SHOCK ABSORBER BACK FORD RANGER 2006 (HEAVY DUTY) (SHIELD),0,135,
1010385,SHOCK ABSORBER FR FORD EXPLORER 2003/FORD RANGER 2006 (HEAVY DUTY)(SHIELD),0,163,
1019171,SHOCK ABSORBER FR RH (BIG TUBE)COROLLA 2003 ZZE130(GOR),0,240,
1019172,SHOCK ABSORBER FR LH (BIG TUBE)COROLLA 2003 ZZE130(GOR),0,240,
1019173,SHOCK ABSORBER FR RH HYUNDAI TUCSON/SPORTAGE 2004 (GOR),0,285,
1019174,SHOCK ABSORBER FR LH HYUNDAI TUCSON/SPORTAGE 2004 (GOR),0,285,
1019175,SHOCK ABSORBER BACK RH HYUNDAI TUCSON/SPORTAGE 2004 (GOR),3,300,
1019176,SHOCK ABSORBER BACK LH HYUNDAI TUCSON/SPORTAGE 2004 (GOR),3,300,
1019177,SHOCK ABSORBER FR MERCEDES BENZ SPRINTER 1995(GOR),60,240,
1019304,SHOCK ABSORBER BACK YARIS 2013 NCP150 (EURO TYPE)(SHIELD),44,200,
1019305,SHOCK ABSORBER FR YARIS 2013 NCP150(SHIELD),0,325,
1019367,SHOCK ABSORBER MATIZ 3 (2006) (SLIM TUBE WITH BUSH) RR (GOR),0,150,
1015012,SHOCK ABSORBER BACK HEAVY DUTY FORD ESCAPE 2002 (SHIELD),0,231,
1015013,SHOCK ABSORBER BACK FORD EXPLORER 2012 (HEAVY DUTY)(SHIELD),58,280,
1017813,SHOCK ABSORBER FR LH GETZ 2002 SHIELD,0,295,
1017814,SHOCK ABSORBER FR RH GETZ 2002 SHIELD,0,295,
1017815,SHOCK ABSORBER FR RH MAZDA 6 2004 SHIELD,0,204,
1017816,SHOCK ABSORBER FR LH MAZDA 6 2004 SHIELD,0,204,
1017817,SHOCK ABSORBER BACK MAZDA 6 2004 SHIELD,54,220,
1017819,SHOCK ABSORBER FR LH PICANTO 2011 SHIELD,0,270,
1017819,SHOCK ABSORBER FR LH PICANTO 2011 SHIELD,0,270,
1017820,SHOCK ABSORBER FR RH PICANTO 2011 SHIELD,0,270,
1017927,SHOCK ABSORBER BACK TUCSON 11/SPORTAGE 10/SONATA 10  2015/IX35 ( SHIELD),70,180,1
1019367,SHOCK ABSORBER MATIZ 3 (2006) (SLIM TUBE WITH BUSH) RR (GOR),0,150,
1019368,SHOCK ABSORBER COMMERCIAL 1634 FR(GOR),0,130,
1019369,SHOCK ABSORBER ECHO 2000 SCP10 FR(GOR),1,240,
1019376,SHOCK ABSORBER BACK FORD ESCAPE 2013  (SHIELD),0,220,
1019410,SHOCK ABSORBER BACK MERCEDES BENZ C-CLASS W203 (SHIELD),28,286,
1019561,SHOCK ABSORBER FR MERCEDES BENZ C-CLASS W203 (SHIELD),0,600,
1018419,SHOCK ABSORBER COROLLA 2014 FR RH SHIELD,0,358,
1018420,SHOCK ABSORBER COROLLA 2014 FR LH SHIELD,0,358,
1018421,SHOCK ABSORBER FR LH  HONDA CIVIC 2017(SHIELD),17,335,
1018422,SHOCK ABSORBER FR RH HONDA CIVIC 2017 (SHIELD),22,335,
1018439,SHOCK ABSORBER FR RANGE ROVER VOGUE SHIELD,9,2316,
1018440,SHOCK ABSORBER BACK FORD FOCUS 2012 SHIELD,1,250,
1018441,SHOCK ABSORBER FR LH FORD FOCUS 2012 SHIELD,10,350,
1018442,SHOCK ABSORBER FR RH FORD FOCUS 2012 SHIELD,11,350,
1021301,SHOCK ABSORBER FR RH RAV4 ASA44 2013(SHIELD),51,350,
1021302,SHOCK ABSORBER FR LH RAV4 ASA44 2013(SHIELD),51,350,
1018581,SHOCK ABSORBER FR LH SONATA 2012(3RD MODEL)(SHIELD),0,360,
1019841,SHOCK ABSORBER FR LH HONDA CRV 2013 (SHIELD),0,350,
1019842,SHOCK ABSORBER FR RH HONDA CRV 2013 (SHIELD),0,350,
1018582,SHOCK ABSORBER FR RH SONATA 2012 (3RD MODEL)SHIELD,0,360,
1013949,SHOCK ABSORBER CG125 ZX,0,68,
1013950,SHOCK ABSORBER CG150 ZX,0,88,
1018642,CABIN SHOCK ABSORBER BACK DAF XF (ROCKMONT),26,350,
1018643,CABIN SHOCK ABSORBER FR DAF XF (ROCKMONT),12,350,
1019978,"SHOCK ABSORBER BB4#,R50,LAND CRUISER RR",0,105,
1019019,SHOCK ABSORBER (1183) (GAS)COMMERCIAL/HILUX 1990 LN106/LN166 4WD BACK GOR,0,94,
1019020,SHOCK ABSORBER BACK OPEL ASTRA G(GOR),0,0,
1019021,SHOCK ABSORBER HILUX LN166 (4WD) FR(GOR),0,0,
1019022,SHOCK ABSORBER HYUNDAI H1 STAREX -F RR(GOR),0,0,
1019023,SHOCK ABSORBER KIA BESTA KIA BONGO FRONTIER -F K70Y/Z K62 FR(GOR),0,100,
1019024,SHOCK ABSORBER FR (2639) (GAS) (GOR),92,125,
1019025,SHOCK ABSORBER BACK HIACE FISH LH113 (PIN TO BUSH) (AMERICA TYPE) (GOR),676,125,
1019026,SHOCK ABSORBER BACK (1036) COMMERCIAL CAR(GOR),0,99,
1019027,SHOCK ABSORBER BACK (2010) COMMERCIAL CAR/HARDBODY D22(GOR),55,135,
1019028,SHOCK ABSORBER FH215/NKR RR L/R(GOR),0,0,
1019029,SHOCK ABSORBER FR (2006) COMMERCIAL CAR CANTER/LAND CRUISER/DYNA  T720/FJ40/BJ40/RU10/BU10(GOR),0,0,
1019030,SHOCK ABSORBER BACK (2008) COMMERCIAL CAR (GOR),0,130,
1019031,SHOCK ABSORBER FR ISUZU 3.3/3.6/4.3/ELF/DYNA/HINO (HEAVY DUTY RED 3601)(GOR),0,0,
1019032,SHOCK ABSORBER BACK (2185) COMMERCIAL CAR HIACE/DYNA YH50/BU60(GOR),0,100,
1019033,SHOCK ABSORBER BACK (1778) COMMERCIAL CAR HIACE KDH20#/LH166/LH118(GOR),0,90,
1019034,SHOCK ABSORBER LAND CRUISER HZJ75 RR L/R(GOR),0,0,
1019035,SHOCK ABSORBER FR (2639) COMMERCIAL CAR (GOR),452,125,
1019036,SHOCK ABSORBER FR FORD RANGER 2006(GOR),0,0,
1019037,SHOCK ABSORBER BACK (2182) COMMERCIAL CAR/FORD RANGER £¨GOR),0,105,
1019038,SHOCK ABSORBER BACK (1616) COMMERCIAL CAR(GOR),0,95,
1019039,SHOCK ABSORBER FR (2609) COMMERCIAL CAR CANTER/LAND CRUISER FE111/FE221/FJ55(GOR),0,0,
1019040,SHOCK ABSORBER FR (2635) COMMERCIAL/HARDBODY D22(BIG TUBE)  (GOR),102,130,
1019041,SHOCK ABSORBER BACK OPEL ASTRAL (SALOON TYPE)(1616) (OIL)(GOR),0,0,
1019042,SHOCK ABSORBER BACK (1806) OPEL ASTRA(CARAVAN TYPE)(GAS) £¨GOR£©,0,105,
1019043,SHOCK ABSORBER FR KIA BONGO (1634) (OIL)(GOR),0,105,
1014561,SHOCK ABSORBER FR RH MATIZ III (SHIELD),32,295,
1014562,SHOCK ABSORBER FR LH MATIZ III(SHIELD),32,295,
1014563,SHOCK ABSORBER BACK MATIZ III (SHIELD),80,175,
1016511,SHOCK ABSORBER FR GOLF III (SHIELD),0,360,
1016512,SHOCK ABSORBER FR RH VECTRA B (SHIELD),95,320,
1016513,SHOCK ABSORBER FR LH VECTRA B (SHIELD),95,320,
1016514,SHOCK ABSORBER FR RENAULT/DACIA LOGAN (SHIELD),0,545,
1016515,SHOCK ABSORBER FR OUTLANDER 2003 CU3W (SHIELD),0,358,
1016516,SHOCK ABSORBER FR LH OPEL ASTRA G (SHIELD),0,297,
1016517,SHOCK ABSORBER FR RH OPEL ASTRA G (SHIELD),0,297,
1016518,SHOCK ABSORBER FR RH KIA CARNIVAL (SHIELD),0,391,
1016519,SHOCK ABSORBER FR LH KIA CARNIVAL (SHIELD),0,391,
1016520,SHOCK ABSORBER BACK VECTRA B (SHIELD),13,200,
1016521,SHOCK ABSORBER BACK GOLF III (SHIELD),0,198,
1016522,SHOCK ABSORBER BACK OPEL ASTRA G (SHIELD),48,180,
1016523,SHOCK ABSORBER BACK HIGHLANDER 2013 GSU55 (SHIELD),24,250,
1016524,SHOCK ABSORBER FR OPEL ASTRA F (SHIELD),0,187,
1016525,SHOCK ABSORBER BACK NISSAN SENTRA B16 (SHIELD),30,225,
1016558,SHOCK ABSORBER FR LH NISSAN ROGUE 2014/QASHQAI 2014 (SHIELD),1,390,
1016559,SHOCK ABSORBER FR RH NISSAN ROGUE 2014/QASHQAI 2014 (SHIELD),0,390,
1010994,SHOCK ABSORBER BACK HONDA ACCORD 2008/2013 (SHIELD),0,265,
1010995,SHOCK ABSORBER BACK DODGE CALIBER/JEEP PATRIOT (SHIELD),170,225,
1010996,SHOCK ABSORBER BACK KIA PRIDE/MAZDA DEMIO 1998 DW3 (SHIELD),0,76,
1010997,SHOCK ABSORBER FR RH KIA SORENTO 2006 (SHIELD),0,275,
1010998,SHOCK ABSORBER FR LH KIA SORENTO 2006 (SHIELD),0,275,
1010999,SHOCK ABSORBER BACK SANTA FE 2006/2011/SORENTO 2010 (SHIELD),0,110,
1011000,SHOCK ABSORBER BACK SORENTO 2006 (LONG THREAD)(SHIELD),0,190,
1011092,SHOCK ABSORBER FR RH DAEWOO KALOS/CHEVROLET AVEO T200 (SHIELD),36,300,
1011093,SHOCK ABSORBER FR LH DAEWOO KALOS/CHEVROLET AVEO T200 (SHIELD),36,300,
1011695,SHOCK ABSORBER BACK PICANTO 2011 (SHIELD),37,175,
1011696,SHOCK ABSORBER BACK RENAULT DUSTER 4WD (SHIELD),0,495,
1011697,SHOCK ABSORBER FR LH FORD ESCAPE 2012 (SHIELD),13,400,
1011698,SHOCK ABSORBER FR RH FORD ESCAPE 2012 (SHIELD),13,400,
1011699,SHOCK ABSORBER BACK RH ACCENT/VERNA 2003 (SHIELD),7,275,
1011700,SHOCK ABSORBER BACK LH ACCENT/VERNA 2003 (SHIELD),7,275,
1011701,SHOCK ABSORBER FR RH NISSAN ALTIMA 2.5 L31 (SHILED),4,320,
1011702,SHOCK ABSORBER FR LH NISSAN ALTIMA 2.5 L31 (SHIELD),4,320,
1011703,SHOCK ABSORBER FR RENAULT DUSTER 2WD/4WD (SHIELD),0,495,
1011704,SHOCK ABSORBER FR RH OUTLANDER 2006/2012 CW5 (SHIELD),0,429,
1011705,SHOCK ABSORBER FR LH OUTLANDER 2006/2012 CW5 (SHIELD),0,429,
1011706,SHOCK ABSORBER FR RH NISSAN MURANO 2012 Z51 (SHIELD),46,400,
1011707,SHOCK ABSORBER FR LH NISSAN MURANO 2012 Z51 (SHIELD),46,400,
1011708,SHOCK ABSORBER BACK NISSAN SENTRA/ALMERA B15 (SHIELD),0,70,
1011709,SHOCK ABSORBER FR HONDA ACCORD 2004 CL7 (SHIELD),0,250,
1011710,SHOCK ABSORBER BACK HONDA ACCORD 2004 CL7 (SHIELD),18,280,
1011711,SHOCK ABSORBER BACK NISSAN ALTIMA 2.5 L31 (SHIELD),1,200,
1011712,SHOCK ABSORBER BACK SIENNA 2004 MCL20 (SHIELD),0,176,
1011713,SHOCK ABSORBER BACK MURANO 2012 Z51 (SHIELD),0,220,
1012327,SHOCK ABSORBER FORD F-250 FR (SHIELD),0,215,
1012330,SHOCK ABSORBER FR FORD RANGER 2006 BT50/MAZDA B2200(SHIELD),1,150,
1012410,SHOCK ABSORBER BACK OUTLANDER 2003 CU3W (SHIELD),0,215,
1011094,SHOCK ABSORBER FR RH HONDA PILOT 2003 YF1/ACURA MDX 2002 YD1 (SHIELD),1,314,
1011095,SHOCK ABSORBER FR LH HONDA PILOT 2003 YF1/ACURA MDX 2002 YD1 (SHIELD),0,314,
1011096,SHOCK ABSORBER BACK DAEWOO KALOS/CHEVROLET AVEO T200 (SHIELD),0,195,
1011097,SHOCK ABSORBER BACK HONDA PILOT 2003 YF1/ACURA MDX 2002 YD1 (SHIELD),2,187,
1011098,SHOCK ABSORBER BACK CHEVROLET CRUZE 2009 J300 (SHIELD),78,195,
1011099,SHOCK ABSORBER BACK KIA SOUL 2008 (SHIELD),0,138,
1011135,SHOCK ABSORBER FR RH NISSAN JUKE F15 (SHIELD),13,360,
1011136,SHOCK ABSORBER FR LH NISSAN JUKE F15 (SHIELD),13,360,
1011137,SHOCK ABSORBER BACK NISSAN JUKE F15 (SHIELD),30,230,
1011184,SHOCK ABSORBER BACK HYUNDAI H-1 2008 (SHIELD),30,200,1
1011185,SHOCK ABSORBER FR LH HYUNDAI H-1 2008 (SHIELD),36,395,
1011186,SHOCK ABSORBER FR RH HYUNDAI H-1 2008 (SHIELD),36,395,
1011714,SHOCK ABSORBER BACK IX35/SPORTAGE/TUCSON 2010 4WD (SHIELD),0,195,
1011714,SHOCK ABSORBER BACK IX35/SPORTAGE/TUCSON 2010 4WD (SHIELD),125,195,
1011715,SHOCK ABSORBER FR FORD E-350 BUS 2008 (SHIELD),4,165,
1011716,SHOCK ABSORBER BACK FORD E-350 BUS 2008 (SHIELD),0,235,
1011717,SHOCK ABSORBER BACK RIO 5 2005/ACCENT 2006 (SHIELD),319,180,
1012426,SHOCK ABSORBER FR FORD RANGER 2013 T6 (SHIELD),10,290,
1012427,SHOCK ABSORBER BACK FORD RANGER 2013 T6 (SHIELD),30,260,
1011187,SHOCK ABSORBER FR RH SENTRA B16 (SHIELD),17,345,
1011188,SHOCK ABSORBER FR LH SENTRA B16 (SHIELD),17,345,
1011189,SHOCK ABSORBER FR RH CIVIC 2006 FD (SHIELD),0,320,
1011190,SHOCK ABSORBER FR LH CIVIC 2006 FD (SHIELD),0,320,
1011203,SHOCK ABSORBER FR RH HONDA PILOT 2003 YF1/ACURA MDX 2000 YD1 (SHIELD),0,385,
1011204,SHOCK ABSORBER FR LH HONDA PILOT 2003 YF1/ACURA MDX 2000 YD1 (SHIELD),0,385,
1011205,SHOCK ABSORBER FR LH HONDA PILOT 2009 YF4/ACURA MDX 2007 YD2 (SHIELD),31,457,
1011206,SHOCK ABSORBER FR RH HONDA PILOT 2009 YF4/ACURA MDX 2007 YD2 (SHIELD),31,457,
1011207,SHOCK ABSORBER BACK HONDA PILOT 2009 YF4 (SHIELD),44,270,
1011208,SHOCK ABSORBER BACK ACCENT 2012/ELANTRA 2012/CERATO 2008/I10 2012/KIA SOUL/RIO 2011 (SHIELD),528,180,
1011209,SHOCK ABSORBER FR LH ACCENT 2012/RIO 2011 (SHIELD),0,300,
1011209,SHOCK ABSORBER FR LH ACCENT 2012/RIO 2011 (SHIELD),89,300,
1011210,SHOCK ABSORBER FR RH ACCENT 2012/RIO 2011 (SHIELD),0,300,
1011210,SHOCK ABSORBER FR RH ACCENT 2012/RIO 2011 (SHIELD),88,300,
1012491,SHOCK ABSORBER FR LH FORD EXPLORER 2012 (SHIELD),33,480,
1012492,SHOCK ABSORBER FR RH FORD EXPLORER 2012 (SHIELD),34,480,
1012507,SHOCK ABSORBER FR RH SATURN VUE 2004 (SHIELD),2,545,
1012508,SHOCK ABSORBER FR LH SATURN VUE 2004 (SHIELD),0,545,
1012509,SHOCK ABSORBER FR RH HONDA CIVIC 2013 FB2 (SHIELD),0,335,
1012510,SHOCK ABSORBER FR LH HONDA CIVIC 2013 FB2 (SHIELD),0,335,
1012511,SHOCK ABSORBER FR RH NISSAN SENTRA B17 (SHIELD),18,375,
1012512,SHOCK ABSORBER FR LH NISSAN SENTRA B17 (SHIELD),18,375,
1012513,SHOCK ABSORBER FR FORD F-150 2009(HEAVY DUTY)(SHIELD),36,430,
1012514,SHOCK ABSORBER FR LH SONATA 2013(ROUND PLATE)(SHIELD),0,330,
1012515,SHOCK ABSORBER FR RH SONATA 2013(ROUND PLATE)(SHIELD),0,330,
1012516,SHOCK ABSORBER FR RH NISSAN ALMERA/VERSA 2013 N17 (SHIELD),45,285,
1012517,SHOCK ABSORBER FR LH NISSAN ALMERA/VERSA 2013 N17 (SHIELD),48,285,
1012518,SHOCK ABSORBER FR RH TATA INDIGO (SHIELD),0,595,
1012519,SHOCK ABSORBER FR LH TATA INDIGO (SHIELD),0,595,
1012520,SHOCK ABSORBER BACK LH TATA INDIGO (SHIELD),0,520,
1012521,SHOCK ABSORBER BACK RH TATA INDIGO (SHIELD),0,520,
1012522,SHOCK ABSORBER FR RH HIGHLANDER 2008 2WD/4WD GSU45 (SHIELD),68,340,1
1012523,SHOCK ABSORBER FR LH HIGHLANDER 2008 2WD/4WD GSU45 (SHIELD),68,340,1
1012524,SHOCK ABSORBER BACK NISSAN SENTRA B17 (SHIELD),49,210,
1012525,SHOCK ABSORBER BACK (GAS)(1616) COMMERCIAL CAR (SHIELD),77,150,
1012526,SHOCK ABSORBER (2643) COMMERCIAL CAR (SHIELD),0,125,
1012610,SHOCK ABSORBER FR NISSAN NAVARA 2005 D40T(PATHFINDER TYPE) (SHIELD),96,270,
1011417,SHOCK ABSORBER FR RH (BIG TUBE)COROLLA S ZZE130 (SHIELD),118,265,
1011418,SHOCK ABSORBER FR LH (BIG TUBE)COROLLA S ZZE130 (SHIELD),115,265,
1011506,SHOCK ABSORBER BUSH FR NISSAN NAVARA 2005 D40T (FROTIS),0,11,
1011507,SHOCK ABSORBER BUSH FR MITSUBISHI L200 2005 KB4T (FROTIS),0,21,
1011513,SHOCK ABSORBER BACK RH CHEVROLET OPTRA J200/SUZUKI FORENZA (SHIELD),0,360,
1011514,SHOCK ABSORBER BACK LH CHEVROLET OPTRA J200/SUZUKI FORENZA (SHIELD),0,360,
1011515,SHOCK ABSORBER FR RH CHEVROLET OPTRA J200/SUZUKI FORENZA (SHIELD),1,360,
1011516,SHOCK ABSORBER FR LH CHEVROLET OPTRA J200/SUZUKI FORENZA (SHIELD),1,360,
1011517,SHOCK ABSORBER FR RH MAZDA CX-9 (SHIELD),1,520,
1011518,SHOCK ABSORBER FR LH MAZDA CX-9 (SHIELD),1,520,
1011519,SHOCK ABSORBER FR RH MAZDA CX-7 (SHIELD),0,501,
1012929,SHOCK ABSORBER BACK MITSUBISHI OUTLANDER 2006 CW5 (SHIELD),1,225,
1012931,SHOCK ABSORBER BACK PAJERO 2002/2008 V73/V97 (SHIELD),44,215,
1012934,SHOCK ABSORBER BACK AKUA DONKOR LAND CRUISER 2009 VDJ200/TUNDRA (SHIELD),32,270,
1012980,SHOCK ABSORBER BACK (BALL TO BALL)KIA SORENTO 2002 (SHIELD),28,195,
1012981,SHOCK ABSORBER BACK ACURA MDX 2009 YD2 (SHIELD),5,260,
1011519,SHOCK ABSORBER FR RH MAZDA CX-7 (SHIELD),5,501,
1011520,SHOCK ABSORBER FR LH MAZDA CX-7 (SHIELD),0,501,
1011520,SHOCK ABSORBER FR LH MAZDA CX-7 (SHIELD),5,501,
1011521,SHOCK ABSORBER FR FORD F-150 2011 2WD (HEAVY DUTY)(SHIELD),33,473,
1011522,SHOCK ABSORBER BACK MAZDA CX-9 (SHIELD),7,242,
1011523,SHOCK ABSORBER BACK MAZDA CX-7 (SHIELD),44,240,
1011524,SHOCK ABSORBER BACK SONATA 2008 (SHIELD),4,230,
1010746,SHOCK ABSORBER FR RH FORD ESCAPE 2002/MAZDA TRIBUTE EP (SHIELD),24,325,
1010747,SHOCK ABSORBER FR LH FORD ESCAPE 2002/MAZDA TRIBUTE EP (SHIELD),24,325,
1010748,SHOCK ABSORBER BACK FORD ESCAPE 2002/MAZDA TRIBUTE EP (SHIELD),130,195,
1010754,SHOCK ABSORBER BACK ROGUE/QASHQAI/X-TRAIL 2007-2014 (SHIELD),148,200,
1010755,SHOCK ABSORBER FR LH CAMRY 2012 ACV50 (SHIELD),65,365,
1010756,SHOCK ABSORBER FR RH CAMRY 2012 ACV50 (SHIELD),65,365,
1010757,SHOCK ABSORBER BACK LH CAMRY 2012 ACV50 (SHIELD),90,365,
1010758,SHOCK ABSORBER BACK RH CAMRY 2012 ACV50 (SHIELD),91,365,
1010759,SHOCK ABSORBER FR PAJERO 2002/2008 V73/V97 (SHIELD),60,260,
1010764,SHOCK ABSORBER FR LH ACCENT/RIO 5 2005 (SHIELD),26,300,
1010765,SHOCK ABSORBER FR RH ACCENT/RIO 5 2005 (SHIELD),26,300,
1010766,SHOCK ABSORBER BACK ACCENT 2005 (SHIELD),0,145,
1010767,SHOCK ABSORBER FR LH ELANTRA 2008 (SHIELD),123,300,
1010768,SHOCK ABSORBER FR RH ELANTRA 2008 (SHIELD),123,300,
1010769,SHOCK ABSORBER BACK ELANTRA 2006/CERATO 2010 (SHILED),285,175,
1012139,SHOCK ABSORBER BACK PRIMERA 1998 P11/NISSAN SENTRA/ALMERA B14 (SHIELD),0,105,
1012140,SHOCK ABSORBER BACK HONDA CIVIC 2006 FD/2013 (SHIELD),0,220,
1012140,SHOCK ABSORBER BACK HONDA CIVIC 2006 FD/2013 (SHIELD),10,220,
1012141,SHOCK ABSORBER FR RH ELANTRA 2002 (SHIELD),30,330,
1012142,SHOCK ABSORBER FR LH ELANTRA 2002 (SHIELD),30,330,
1010781,SHOCK ABSORBER FR NAVARA 2005 D40T(NAVARA TYPE)(SHIELD),0,286,
1010786,SHOCK ABSORBER BACK (GAS) NAVARA 2005 D40T (SHIELD),25,175,
1012143,SHOCK ABSORBER BACK RH MAZDA 323/PROTEGE (SHIELD),0,264,
1012144,SHOCK ABSORBER BACK LH MAZDA 323/PROTEGE (SHIELD),0,264,
1012145,SHOCK ABSORBER FR RH KIA SEPHIA II/SHUMA 2005(SHIELD),1,340,
1012146,SHOCK ABSORBER FR LH KIA SEPHIA II/SHUMA 2005 (SHIELD),0,340,
1012147,SHOCK ABSORBER FR RH MAZDA 323/PROTEGE (SHIELD),0,260,
1012148,SHOCK ABSORBER FR LH MAZDA 323/PROTEGE (SHIELD),0,260,
1012149,SHOCK ABSORBER BACK RH KIA SEPHIA II/SHUMA 2005 (SHIELD),0,340,
1012150,SHOCK ABSORBER BACK LH KIA SEPHIA II/SHUMA 2005 (SHIELD),0,340,
1012151,SHOCK ABSORBER FR RH MAZDA 626 (SHIELD),0,265,
1012152,SHOCK ABSORBER FR LH MAZDA 626 (SHIELD),0,292,
1012153,SHOCK ABSORBER BACK RH MAZDA 626 (SHIELD),0,281,
1012154,SHOCK ABSORBER BACK LH MAZDA 626 (SHIELD),0,281,
1012155,SHOCK ABSORBER BACK RH CAMRY 2006 ACV30 (OWUSU ANSAH)(SHIELD),28,335,
1012156,SHOCK ABSORBER BACK LH CAMRY 2006 ACV30 (OWUSU ANSAH) (SHIELD),26,335,
1012157,SHOCK ABSORBER FR RH CHEVROLET MALIBU 2008 (SHIELD),4,455,
1012158,SHOCK ABSORBER FR LH CHEVROLET MALIBU 2008 (SHIELD),4,455,
1012159,SHOCK ABSORBER FR LH ALTIMA 3.5 2008 L32 (SHIELD),37,380,
1012160,SHOCK ABSORBER FR RH ALTIMA 3.5 2008 L32 (SHIELD),38,380,
1012161,SHOCK ABSORBER FR SONATA/OPTIMA 2004/2008 (SHIELD),42,250,
1011608,SHOCK ABSORBER FR RH CHRYSLER 2005 300C (HEAVY DUTY)(SHIELD),12,430,
1011609,SHOCK ABSORBER FR LH CHRYSLER 2005 300C (HEAVY DUTY)(SHIELD),13,430,
1011610,SHOCK ABSORBER BACK CHRYSLER 2005 300C (SHIELD),27,280,
1011611,SHOCK ABSORBER BACK FORD F-150 2WD 2004(HEAVY DUTY) (SHIELD),12,350,
1011612,SHOCK ABSORBER FR NISSAN ARMADA/TITAN TA60 (HEAVY DUTY)(SHIELD),18,370,
1011613,SHOCK ABSORBER BACK NISSAN ARMADA/TITAN TA60 (HEAVY DUTY)(SHIELD),0,248,
1011614,SHOCK ABSORBER BACK FORD EXPLORER 2007 (HEAVY DUTY)(SHIELD),0,352,
1011615,SHOCK ABSORBER FR FORD EXPLORER 2007 (HEAVY DUTY) (SHIELD),22,440,
1012162,SHOCK ABSORBER BACK SONATA/OPTIMA 2004 (SHIELD),12,300,
1012163,SHOCK ABSORBER BACK DAEWOO MATIZ (SHIELD),36,145,
1012164,SHOCK ABSORBER BACK KIA RIO 2002 (SHIELD),0,145,
1012165,SHOCK ABSORBER BACK HIACE FISH LH113 (PIN TO BUSH) (AMERICA TYPE) (SHIELD),306,140,
1012166,SHOCK ABSORBER BACK INFINITI FX35 2006 (SHIELD),8,200,
1012167,SHOCK ABSORBER BACK ALTIMA 3.5 2008 L32 (SHIELD),0,240,
1012168,SHOCK ABSORBER BACK (1036) COMMERCIAL CAR (SHIELD),0,130,
1012169,SHOCK ABSORBER BACK (2010) COMMERCIAL CAR/HARDBODY D22 (SHIELD),19,155,
1012170,SHOCK ABSORBER FR (2006) COMMERCIAL CAR (SHIELD),0,120,
1012171,SHOCK ABSORBER BACK (2185) COMMERCIAL CAR (SHIELD),0,125,
1012172,SHOCK ABSORBER BACK (1778) COMMERCIAL CAR (SHIELD),0,160,
1012173,SHOCK ABSORBER FR FORD RANGER 2006 (SHIELD),0,140,
1012174,SHOCK ABSORBER FR (2609) COMMERCIAL CAR (SHIELD),0,150,
1012175,SHOCK ABSORBER FR RH HONDA ACCORD 2013 CR5 (SHIELD),28,400,
1012176,SHOCK ABSORBER FR LH HONDA ACCORD 2013 CR5 (SHIELD),28,400,
1011616,SHOCK ABSORBER FR RH FORD EDGE 2007 (HEAVY DUTY)(SHIELD),1,455,
1011617,SHOCK ABSORBER FR LH FORD EDGE 2007 (HEAVY DUTY)(SHIELD),1,455,
1011618,SHOCK ABSORBER BACK FORD EDGE 2007 (HEAVY DUTY)(SHIELD),30,286,
1011619,SHOCK ABSORBER BACK MATRIX/VIBE 2003 ZZE136 (SHIELD),0,160,
1011620,SHOCK ABSORBER FR RH MATRIX/VIBE 2003 ZZE136 (SHIELD),89,300,
1011621,SHOCK ABSORBER FR LH MATRIX/VIBE 2003 ZZE136 (SHIELD),89,300,
1011665,SHOCK ABSORBER FR LH HONDA RIDGELINE(HEAVY DUTY)(SHIELD),26,600,
1011666,SHOCK ABSORBER FR LH CHEVROLET CRUZE J300(SHIELD),0,325,
1011668,SHOCK ABSORBER FR RH HONDA RIDGELINE(HEAVY DUTY)(SHIELD),24,600,
1011669,SHOCK ABSORBER FR RH CHEVROLET CRUZE J300(SHIELD),1,325,
1011670,SHOCK ABSORBER FR MERCEDES BENZ SPRINTER 1995 (SHIELD),513,265,
1011671,SHOCK ABSORBER BACK MERCEDES BENZ SPRINTER 1995 (SHIELD),2178,145,
1011672,SHOCK ABSORBER FR KIA K3000/FRONTIER 00-04 (SHIELD),0,180,
1012295,SHOCK ABSORBER BACK (2003) COMMERCIAL CAR (SHIELD),0,150,
1010986,SHOCK ABSORBER FR RH KIA CERATO 2004/SPECTRA 5 (SHIELD),7,355,
1010987,SHOCK ABSORBER FR LH KIA CERATO 2004/SPECTRA 5 (SHIELD),7,355,
1010988,SHOCK ABSORBER BACK RH KIA CERATO 2004/ELANTRA 2000/SPECTRA 5 (SHIELD),32,355,
1010989,SHOCK ABSORBER BACK LH KIA CERATO 2004/ELANTRA 2000/SPECTRA 5 (SHIELD),33,355,
1010990,SHOCK ABSORBER FR RH JEEP/DODGE CALIBER 2007-2008 (SHIELD),0,335,
1010991,SHOCK ABSORBER FR LH JEEP/DODGE CALIBER 2007-2008 (SHIELD),0,335,
1010992,SHOCK ABSORBER FR RH HONDA ACCORD 2008 (SHIELD),0,250,
1010993,SHOCK ABSORBER FR LH HONDA ACCORD 2008 (SHIELD),2,250,
1011673,SHOCK ABSORBER BACK RH HIGHLANDER 2007 GSU40 2WD/VENZA (SHIELD),42,340,
1011674,SHOCK ABSORBER BACK LH HIGHLANDER 2007 GSU40 2WD/VENZA (SHIELD),43,340,
1011675,SHOCK ABSORBER BACK RH HIGHLANDER 2007 GSU45 4WD/VENZA (SHIELD),87,340,
1011676,SHOCK ABSORBER BACK LH HIGHLANDER 2007 GSU45 4WD/VENZA (SHIELD),87,340,
1011678,SHOCK ABSORBER FR RH HIGHLANDER 2008 2WD/4WD GSU45 (SHIELD),0,286,
1011679,SHOCK ABSORBER FR LH HIGHLANDER 2008 2WD/4WD GSU45 (SHIELD),0,286,
1011681,SHOCK ABSORBER FR RH ALTIMA 3.5 2008 L32 (SHIELD),0,264,
1011682,SHOCK ABSORBER FR LH ALTIMA 3.5 2008 L32 (SHIELD),0,264,
1011683,SHOCK ABSORBER FR LH SANTA FE 2013/SORENTO 2009 (SHILED),29,345,
1011684,SHOCK ABSORBER FR RH SANTA FE 2013/SORENTO 2009 (SHILED),27,345,
1011685,SHOCK ABSORBER FR RH KIA SOUL 2008 (SHIELD),28,360,
1011686,SHOCK ABSORBER FR LH KIA SOUL 2008 (SHIELD),29,360,
1011687,SHOCK ABSORBER FR LH IX35/SPORTAGE/TUCSON 2009 (SHIELD),95,330,
1011688,SHOCK ABSORBER FR RH IX35/SPORTAGE/TUCSON 2009 (SHIELD),95,330,
1011689,SHOCK ABSORBER FR RH SONATA 2011/OPTIMA 2011 (SHIELD),0,335,
1011690,SHOCK ABSORBER FR LH SONATA 2011/OPTIMA 2011 (SHIELD),0,335,
1011691,SHOCK ABSORBER FR LH ELANTRA 2012 (SHIELD),168,300,
1011692,SHOCK ABSORBER FR RH ELANTRA 2012 (SHIELD),168,300,
1012296,SHOCK ABSORBER BACK (2008) COMMERCIAL CAR (SHIELD),52,150,
1012297,SHOCK ABSORBER BACK (2182) COMMERCIAL CAR/FORD RANGER (SHIELD),1,60,
1030530,SHOCK ABSORBER COMPLETE FR LH COROLLA 2014-2019 ZRE172(SHIELD),0,700,
1030531,SHOCK ABSORBER COMPLETE FR RH COROLLA 2014-2019 ZRE172(SHIELD),0,700,
1030532,SHOCK ABSORBER COMPLETE RR LH COROLLA 2009-2014 ZRE141(SHIELD),0,500,
1030533,SHOCK ABSORBER COMPLETE RR RH COROLLA 2009-2014 ZRE141(SHIELD),0,500,
1030534,SHOCK ABSORBER COMPLETE FR LH CAMRY 2012 ACV50 (SHIELD),0,850,
1030535,SHOCK ABSORBER COMPLETE FR RH CAMRY 2012 ACV50 (SHIELD),0,850,
1030536,SHOCK ABSORBER COMPLETE FR LH HIGHLANDER 2014-2019 GSU55(SHIELD),0,910,
1030537,SHOCK ABSORBER COMPLETE FR RH HIGHLANDER 2014-2019 GSU55(SHIELD),0,910,
1029275,SHOCK ABSORBER BUSH FR NISSAN NAVARA 2005 D40T(FROTISE),115,28,
1029276,SHOCK ABSORBER BUSH FR L200 2005 KB4T(FROTISE),378,30,
1030538,SHOCK ABSORBER COMPLETE FR LH CIVIC 2016-2020 FB2(SHIELD),0,660,
1030539,SHOCK ABSORBER COMPLETE FR RH CIVIC 2016-2020 FB2(SHIELD),0,660,
1030540,SHOCK ABSORBER COMPLETE FR LH ACCORD 2018-2020 CV1(SHIELD),0,750,
1030541,SHOCK ABSORBER COMPLETE FR RH ACCORD 2018-2020 CV1(SHIELD),0,750,
1030542,SHOCK ABSORBER COMPLETE FR LH CRV 2017-2022 RW4(SHIELD),0,750,
1030543,SHOCK ABSORBER COMPLETE FR RH CRV 2017-2022 RW4(SHIELD),0,750,
1030544,SHOCK ABSORBER COMPLETE FR LH RAV4 2013-2018 ASA44(SHIELD),0,840,
1030545,SHOCK ABSORBER COMPLETE FR RH RAV4 2013-2018 ASA44(SHIELD),0,840,
1030547,SHOCK ABSORBER COMPLETE FR LH HIGHLANDER 2020-2022 GSU75(SHIELD),0,870,
1030550,SHOCK ABSORBER COMPLETE FR RH HIGHLANDER 2020-2022 GSU75(SHIELD),0,870,
1030551,SHOCK ABSORBER COMPLETE FR LH RAV4 2020-2022 AXAA54(SHIELD),0,880,
1030552,SHOCK ABSORBER COMPLETE FR RH RAV4 2020-2022 AXAA54(SHIELD),0,880,
1029921,SHOCK ABSORBER FR LAND CRUISER 2022 FJA300 (SHIELD),0,750,
1029952,SHOCK ABSORBER BACK LAND CRUISER 2022 FJA300 (SHIELD),0,480,
1029366,SHOCK ABSORBER FR RH RUSH 2020 F800(SHIELD),59,360,
1029367,SHOCK ABSORBER FR LH RUSH 2020 F800(SHIELD),59,360,
1031080,SHOCK ABSORBER BACK BENZ W204/E212 (SHIELD),20,200,
1029508,SHOCK ABSORBER BACK HILUX VIGO 4WD KUN25 (GAS) (GOR),159,150,
1029509,SHOCK ABSORBER BACK ROGUE/QASHQAI/X-TRAIL 2007-2014 (GOR),114,160,
1029510,SHOCK ABSORBER BACK TUCSON 11/SPORTAGE 10/SONATA 10  2015/IX35 (GOR),0,155,
1029511,SHOCK ABSORBER BACK MATIZ III (GOR),0,145,
1029512,SHOCK ABSORBER FR LH HIGHLANDER 2014 GSU55 (GOR),0,345,
1029513,SHOCK ABSORBER FR RH HIGHLANDER 2014 GSU55 (GOR),0,345,
1029514,SHOCK ABSORBER BACK SANTA FE 2013 (LONG) (GOR),1,180,
1029515,SHOCK ABSORBER BACK CIVIC 2017 FK3 (GOR),0,160,
1029516,SHOCK ABSORBER FR LH HONDA CIVIC 2013 FB2 (GOR),0,290,
1030207,SHOCK ABSORBER SPRINTER CDI 906 FR(WITHOUT MATEL CAP£©(GOR),70,290,
1030209,SHOCK ABSORBER BACK SANTA FE 2018  (GOR),58,175,
1030210,SHOCK ABSORBER SANTA FE 2018 FR RH (GOR),42,350,
1030211,SHOCK ABSORBER SANTA FE 2018 FR LH (GOR),42,350,
1031081,SHOCK ABSORBER FR BENZ W204 (SHIELD),20,420,
1031082,SHOCK ABSORBER FR BENZ E212 (SHIELD),20,420,
1029517,SHOCK ABSORBER FR RH HONDA CIVIC 2013 FB2 (GOR),0,290,
1029518,SHOCK ABSORBER BACK HONDA HR-V 2013  (GOR),0,180,
1029519,SHOCK ABSORBER BACK DODGE CALIBER/JEEP PATRIOT (GOR),0,185,
1029520,SHOCK ABSORBER FR PAJERO 2002/2008 V73/V97 (GOR),0,225,
1029521,SHOCK ABSORBER BACK PAJERO 2002/2008 V73/V97 (GOR),0,175,
1029522,SHOCK ABSORBER BACK FORD ESCAPE 2002/MAZDA TRIBUTE EP (GOR),0,160,
1029524,SHOCK ABSORBER BACK (GAS) NAVARA 2005 D40T (GOR),44,150,
1029525,SHOCK ABSORBER BACK HONDA CRV 2009 RE7 (GOR),7,195,
1029526,SHOCK ABSORBER BACK RAV4 2020 AXAA54/CAMRY 2018 ASV70/COROLLA 2020 ZWE210 (GOR),64,180,
1029527,SHOCK ABSORBER FR LH NISSAN ROGUE S35/QASHQAI J10E/X-TRAIL 2007 T31 (GOR),59,300,
1029528,SHOCK ABSORBER FR RH NISSAN ROGUE S35/QASHQAI J10E/X-TRAIL 2007 T31 (GOR),59,300,
1029529,SHOCK ABSORBER BACK NISSAN SENTRA B17 (GOR),0,170,
1029530,SHOCK ABSORBER BACK ELANTRA 2017 (GOR),72,160,
1029531,SHOCK ABSORBER FR LH HONDA CRV 2009 RE7 (GOR),48,300,
1029532,SHOCK ABSORBER FR RH HONDA CRV 2009 RE7 (GOR),48,300,
1029533,SHOCK ABSORBER BACK CHEVROLET CRUZE 2009 J300 (GOR),21,160,
1029534,SHOCK ABSORBER BACK RAV4 2020 AXAA54/CAMRY 2018 ASV70/COROLLA 2020 ZWE210 (GOR),68,160,
1029535,SHOCK ABSORBER FR LH IX35/SPORTAGE/TUCSON 2009 (GOR),27,285,
1030212,SHOCK ABSORBER FR RH NISSAN ALMERA/VERSA 2013 N17 (GOR),38,250,
1030214,SHOCK ABSORBER FR LH NISSAN ALMERA/VERSA 2013 N17 (GOR),38,250,
1030215,SHOCK ABSORBER BACK HILUX REVO 2015 4WD (GOR),60,250,
1030217,SHOCK ABSORBER BACK HIGHLANDER 2013 GSU55 (GOR),70,210,
1030219,SHOCK ABSORBER BACK NISSAN JUKE F15 (GOR),66,195,
1030220,SHOCK ABSORBER ELANTRA 2017 FR RH (GOR),29,290,
1030221,SHOCK ABSORBER ELANTRA 2017 FR LH (GOR),29,290,
1030222,SHOCK ABSORBER CAMRY 2018 ASV70 FR LH (LONG) (GOR),42,350,
1030223,SHOCK ABSORBER CAMRY 2018 ASV70 FR RH (LONG) (GOR),42,350,
1030224,SHOCK ABSORBER FR MAN TGA(BUSH TO PIN) (SHIELD),76,300,
1030226,SHOCK ABSORBER BACK MAN TGA(LONG) (SHIELD),69,320,
1030228,SHOCK ABSORBER FR MAN TGA/TGS/TGX(BUSH TO BUSH) (SHIELD),66,320,
1030229,SHOCK ABSORBER BACK MAN TGA/TGS/TGX/TGM(SHORT) (SHIELD),72,330,
1029536,SHOCK ABSORBER FR RH IX35/SPORTAGE/TUCSON 2009 (GOR),27,285,
1029537,SHOCK ABSORBER FR LH NISSAN SENTRA B17 (GOR),57,330,
1029538,SHOCK ABSORBER FR RH NISSAN SENTRA B17 (GOR),57,330,
1029539,SHOCK ABSORBER COROLLA 2020 ZRE212 FR LH (GOR),33,300,
1029540,SHOCK ABSORBER COROLLA 2020 ZRE212 FR RH (GOR),33,300,
1029541,SHOCK ABSORBER FR LH HONDA ACCORD 2018 (GOR),17,350,
1029542,SHOCK ABSORBER FR RH HONDA ACCORD 2018 (GOR),17,350,
1029543,SHOCK ABSORBER FR RH MATIZ III (GOR),0,250,
1029544,SHOCK ABSORBER FR LH MATIZ III (GOR),0,250,
1029545,SHOCK ABSORBER BACK ACCENT 2017/RIO 2015 (GOR),0,160,
1029546,SHOCK ABSORBER ACCENT 2017/RIO 2015 FR LH (GOR),31,310,
1029547,SHOCK ABSORBER ACCENT 2017/RIO 2015 FR RH (GOR),31,310,
1029548,SHOCK ABSORBER HONDA HR-V 2013 FR LH (GOR),0,380,
1029549,SHOCK ABSORBER HONDA HR-V 2013 FR RH (GOR),0,380,
1030263,SHOCK ABSORBER FR RH TUCSON 2015 (GOR),38,370,
1030264,SHOCK ABSORBER FR LH TUCSON 2015 (GOR),38,370,
1030292,SHOCK ABSORBER FR LH OUTLANDER 2015 GF (SHIELD),0,450,
1030293,SHOCK ABSORBER FR RH OUTLANDER 2015 GF (SHIELD),0,450,
1030294,SHOCK ABSORBER BACK OUTLANDER 2015 GF(SHIELD),0,250,
1029220,SHOCK ABSORBER BUSH BACK HONDA CRV 2017 RW4(FROTISE),100,60,
1029221,SHOCK ABSORBER BUSH FR HILUX REVO 2015 KUN125 (FROTISE),0,55,
1029727,BOOT SHOCK ABSORBER LONG OPEL (FROTISE),200,60,
1029728,BOOT SHOCK ABSORBER SHORT OPEL (FROTISE),100,60,
1026857,SHOCK ABSORBER BACK TOYOTA YARIS IA 2017 (SHIELD),0,230,
1026983,SHOCK ABSORBER BACK RH HIGHLANDER 2005 ACU20 4WD(GOR),0,300,
1026983,SHOCK ABSORBER BACK RH HIGHLANDER 2005 ACU20 4WD(GOR),0,300,
1026984,SHOCK ABSORBER BACK LH HIGHLANDER 2005 ACU20 4WD(GOR),0,300,
1026984,SHOCK ABSORBER BACK LH HIGHLANDER 2005 ACU20 4WD(GOR),0,300,
1026985,SHOCK ABSORBER BACK HONDA CIVIC 2006 FD/2013 (GOR),1,180,
1026986,SHOCK ABSORBER FR LH MATRIX/VIBE 2003 ZZE136 (GOR),0,265,
1026987,SHOCK ABSORBER FR RH MATRIX/VIBE 2003 ZZE136 (GOR),0,265,
1026988,SHOCK ABSORBER FR RH ELANTRA 2012 (GOR),146,265,
1023573,SHOCK ABSORBER FR LH TUCSON 2015  (SHIELD),4,400,
1023574,SHOCK ABSORBER FR RH TUCSON 2015  (SHIELD),4,400,
1023575,SHOCK ABSORBER  BACK TUCSON 2015  (SHIELD),0,220,
1023594,SHOCK ABSORBER FR RH RAV4 2019 (SHIELD),16,365,
1023595,SHOCK ABSORBER FR LH RAV4 2019 (SHIELD),15,365,
1023596,SHOCK ABSORBER BACK RAV4 2020 AXAA54/CAMRY 2018 ASV70/COROLLA 2020 ZWE210 (SHIELD),0,220,
1023716,SHOCK ABSORBER FR RH HONDA ACCORD 2018 (SHIELD),62,450,
1023717,SHOCK ABSORBER FR LH HONDA ACCORD 2018 (SHIELD),62,450,
1023718,SHOCK ABSORBER BACK HONDA CIVIC 2002 (SHIELD),0,220,
1023719,SHOCK ABSORBER FR LH HONDA CIVIC 2002 (SHIELD),0,473,
1023720,SHOCK ABSORBER FR RH HONDA CIVIC 2002 (SHIELD),0,473,
1023721,SHOCK ABSORBER FR LH TOYOTA CAMRY 2018 (SHORT) (SHIELD),86,400,
1026989,SHOCK ABSORBER FR LH ELANTRA 2012 (GOR),146,265,
1023722,SHOCK ABSORBER FR RH TOYOTA CAMRY 2018 (SHORT) (SHIELD),86,400,
1023723,SHOCK ABSORBER BACK HILUX REVO 2015 4WD (SHIELD),0,280,
1027238,SHOCK ABSORBER ELANTRA 2017 FR LH (SHIELD),0,330,
1027239,SHOCK ABSORBER ELANTRA 2017 FR RH (SHIELD),0,330,
1027240,SHOCK ABSORBER BACK ELANTRA 2017 (SHIELD),8,195,
1027241,SHOCK ABSORBER ACCENT 2017/RIO 2015 FR RH (SHIELD),47,355,
1027242,SHOCK ABSORBER ACCENT 2017/RIO 2015 FR LH (SHIELD),47,355,
1027243,SHOCK ABSORBER BACK ACCENT 2017/RIO 2015 (SHIELD),0,195,
1027244,SHOCK ABSORBER SONATA 2015 FR LH  (SHIELD),13,390,
1027245,SHOCK ABSORBER SONATA 2015 FR RH  (SHIELD),13,390,
1029015,BOOT SHOCK ABSORBER RH  HYUNDAI GRACE H100 (FROTISE),0,75,
1029016,BOOT SHOCK ABSORBER LH  HYUNDAI GRACE H100 (FROTISE),0,75,
1027246,SHOCK ABSORBER BACK SONATA 2015  (SHIELD),100,230,1
1027247,SHOCK ABSORBER SANTA FE 2018 FR LH (SHIELD),0,390,
1027248,SHOCK ABSORBER SANTA FE 2018 FR RH (SHIELD),0,390,
1027249,SHOCK ABSORBER BACK SANTA FE 2018  (SHIELD),0,195,
1027249,SHOCK ABSORBER BACK SANTA FE 2018  (SHIELD),0,195,
1027250,SHOCK ABSORBER NAVARA 2014 D23 FR (SHIELD),77,270,
1027251,SHOCK ABSORBER BACK NAVARA 2014 D23 (SHIELD),2,155,
1027252,SHOCK ABSORBER CAMRY 2018 ASV70 FR LH £¨LONG£©(SHIELD),1,380,
1027253,SHOCK ABSORBER CAMRY 2018 ASV70 FR RH£¨LONG) (SHIELD),2,380,
1027254,SHOCK ABSORBER BACK RAV4 2020 AXAA54/CAMRY 2018 ASV70/COROLLA 2020 ZWE210 (SHIELD),154,220,
1027255,SHOCK ABSORBER COROLLA 2020 ZRE212 FR RH (SHIELD),94,330,
1027256,SHOCK ABSORBER COROLLA 2020 ZRE212 FR LH (SHIELD),94,330,
1027257,SHOCK ABSORBER BACK COROLLA 2020 ZRE212  (SHIELD),0,180,
1027258,SHOCK ABSORBER BACK PILOT 2015 YF5 (SHIELD),53,400,
1027259,SHOCK ABSORBER FR RH HIGHLANDER 2019 GSU75 (SHIELD),32,400,
1027260,SHOCK ABSORBER FR LH HIGHLANDER 2019 GSU75 (SHIELD),32,400,
1027261,SHOCK ABSORBER CRUZE 2017 J400 FR LH (SHIELD),0,500,
1027262,SHOCK ABSORBER CRUZE 2017 J400 FR RH (SHIELD),0,500,
1027263,SHOCK ABSORBER BACK CRUZE 2017 J400 (SHIELD),43,320,
1029084,SHOCK ABSORBER BUSH BACK CAMRY 2020 ACV70 (FROTISE),100,65,
1027264,SHOCK ABSORBER BACK CIVIC 2017 FK3 (SHIELD),0,195,
1027265,SHOCK ABSORBER FR LH HYUNDAI KONA 2017 (SHIELD),3,430,
1027266,SHOCK ABSORBER FR RH HYUNDAI KONA 2017 (SHIELD),3,430,
1027267,SHOCK ABSORBER BACK HYUNDAI KONA 2017 (SHIELD),61,308,
1027268,SHOCK ABSORBER HONDA HR-V 2013 FR LH (SHIELD),11,430,
1027269,SHOCK ABSORBER HONDA HR-V 2013  FR RH (SHIELD),11,430,
1027270,SHOCK ABSORBER BACK HONDA HR-V 2013  (SHIELD),28,220,
1027271,SHOCK ABSORBER FR RH TOYOTA C-HR 2016 ZYX10 (SHIELD),45,462,
1027272,SHOCK ABSORBER FR LH TOYOTA C-HR 2016 ZYX10 (SHIELD),46,462,
1027273,SHOCK ABSORBER BACK TOYOTA C-HR 2016 ZYX10 (SHIELD),96,275,
1027274,SHOCK ABSORBER CRETA 2015 FR LH (SHIELD),19,380,
1027275,SHOCK ABSORBER CRETA 2015 FR RH (SHIELD),19,380,
1027276,SHOCK ABSORBER BACK CRETA 2015 (SHIELD),10,190,
1028530,SHOCK ABSORBER BACK HILUX REVO 2015 2WD (SHIELD),0,260,
1028531,SHOCK ABSORBER BACK TOYOTA RUSH 2020 F800(SHIELD),46,210,
1024772,SHOCK ABSORBER BACK SUZUKI VITARA 2015 (SHIELD),0,250,
1027384,SHOCK ABSORBER F-150 2020 BACK (SHIELD),40,400,1
1024804,SHOCK ABSORBER GRACE H100 1997 FR(SHIELD),1,155,
1024901,SHOCK ABSORBER FORD EDGE 2015 FR LH(SHIELD),24,550,
1024902,SHOCK ABSORBER FORD EDGE 2015 FR RH(SHIELD),24,550,
1024903,SHOCK ABSORBER FORD EDGE 2015 BACK (SHIELD),36,330,
1027389,SHOCK ABSORBER FUSION 2014 FR LH(SHIELD),0,500,
1027390,SHOCK ABSORBER FUSION 2014 FR RH(SHIELD),0,500,
1027391,SHOCK ABSORBER BACK FUSION 2014(SHIELD),0,380,
1027392,SHOCK ABSORBER CRUZE 2017 FR RH(SHIELD),21,500,
1027393,SHOCK ABSORBER CRUZE 2017 FR LH(SHIELD),21,500,
1027394,SHOCK ABSORBER BACK CRUZE 2017 (SHIELD),18,320,
1029006,SHOCK ABSORBER FR RH SUZUKI S-PRESSO 2019 (GOR),0,300,
1029007,SHOCK ABSORBER FR LH SUZUKI S-PRESSO 2019 (GOR),1,300,
1025176,SHOCK ABSORBER FR RH SUZUKI VITARA 2015 (SHIELD),0,450,
1025177,SHOCK ABSORBER FR LH SUZUKI VITARA 2015 (SHIELD),0,450,
1025457,SHOCK ABSORBER RAV4 ACA21 FR RH(GOR),0,253,
1025458,SHOCK ABSORBER RAV4 ACA21 FR LH(GOR),0,253,
1025459,SHOCK ABSORBER YARIS 2005 KSP90 FR RH(GOR),0,240,
1025460,SHOCK ABSORBER YARIS 2005 KSP90 FR LH(GOR),0,240,
1025461,SHOCK ABSORBER RAV4 2008 ACA33 FR RH(GOR),197,285,
1025462,SHOCK ABSORBER RAV4 2008 ACA33 FR LH(GOR),197,285,
1025463,SHOCK ABSORBER FR RH COROLLA 2009 NZE141(GOR),179,250,
1025464,SHOCK ABSORBER FR LH COROLLA 2009 NZE141(GOR),179,250,
1025465,SHOCK ABSORBER BACK COROLLA 2009 NZE141(GOR),1,165,
1025466,SHOCK ABSORBER YARIS 2005 KSP90 BACK(GOR),30,145,
1025467,SHOCK ABSORBER RAV4 2008 ACA33 BACK(GOR),157,155,
1025468,SHOCK ABSORBER FR LH CAMRY 2007 ACV40  (GOR),75,280,
1025469,SHOCK ABSORBER FR RH CAMRY 2007 ACV40  (GOR),75,280,
1025470,SHOCK ABSORBER CAMRY 2007 ACV40 BACK RH(GOR),30,290,
1025471,SHOCK ABSORBER CAMRY 2007 ACV40 BACK LH(GOR),30,290,
1025472,SHOCK ABSORBER BACK PICANTO NEW TYPE (HOLE AND PIN) (GOR),0,145,
1025473,SHOCK ABSORBER FR RH PICANTO 2004/I10 2007 (GOR),78,240,
1025474,SHOCK ABSORBER FR LH PICANTO 2004/I10 2007 (GOR),0,240,
1025474,SHOCK ABSORBER FR LH PICANTO 2004/I10 2007 (GOR),78,240,
1025475,SHOCK ABSORBER BACK I10/PICANTO 2004 (HOLE AND HOLE)(GOR),0,135,
1027449,SHOCK ABSORBER SPRINTER CDI 906 FR(WITHOUT MATEL CAP£©(SHIELD),312,310,
1025476,SHOCK ABSORBER BACK HYUNDAI ATOS(GOR),96,145,
1025477,SHOCK ABSORBER FR RH CAMRY 2012 ACV50(GOR),125,320,
1025478,SHOCK ABSORBER FR LH CAMRY 2012 ACV50(GOR),125,320,
1025479,SHOCK ABSORBER BACK RH CAMRY 2012 ACV50(GOR),56,320,
1025480,SHOCK ABSORBER BACK LH CAMRY 2012 ACV50(GOR),56,320,
1025481,SHOCK ABSORBER FR LH ELANTRA 2006(GOR),189,260,
1025482,SHOCK ABSORBER FR RH ELANTRA 2006 (GOR),189,260,
1025483,SHOCK ABSORBER BACK ELANTRA 2006(GOR),153,150,
1025484,SHOCK ABSORBER BACK ACCENT 2012/ELANTRA 2012/CERATO 2008/I10 2012/KIA SOUL/RIO 2011(GOR),228,150,
1025485,SHOCK ABSORBER FR LH ACCENT 2012/VELOSTAR/RIO 2011(GOR),136,265,
1025486,SHOCK ABSORBER FR RH ACCENT 2012/VELOSTAR/RIO 2011(GOR),136,265,
1025725,SHOCK ABSORBER FR LH SENTRA/ALMERA/SUNNY B15 (GOR),17,240,
1025726,SHOCK ABSORBER FR RH SENTRA/ALMERA/SUNNY B15 (GOR),17,240,
1025727,SHOCK ABSORBER BACK NISSAN SENTRA/ALMERA/SUNNY B15 (GOR),0,160,
1027519,SHOCK ABSORBER BACK MERCEDES BENZ SPRINTER 1995(GOR),196,125,
1027520,SHOCK ABSORBER BACK (2010) HARDBODY D22 (BIG TUBE) ( GOR),0,145,
1027521,SHOCK ABSORBER BACK RIO 2005/ACCENT 2005(GOR),113,150,
1027522,SHOCK ABSORBER BACK IX35/SPORTAGE/TUCSON 2010 4WD (GOR),121,160,
1027523,SHOCK ABSORBER BACK SANTA FE 2006/2011(GOR),96,165,
1025731,SHOCK ABSORBER BACK NISSAN MARCH 1998 K11 (GOR),0,150,
1025734,SHOCK ABSORBER BACK NISSAN VERSA/TIIDA C11/MARCH 2005 K12 (GOR),140,165,
1027524,SHOCK ABSORBER FR LH HIGHLANDER 2008 2WD/4WD GSU45(GOR),0,300,
1027525,SHOCK ABSORBER FR RH HIGHLANDER 2008 2WD/4WD GSU45(GOR),0,300,
1027526,SHOCK ABSORBER BACK LH HIGHLANDER 2007 GSU45 4WD/VENZA(GOR),76,310,
1027527,SHOCK ABSORBER BACK RH HIGHLANDER 2007 GSU45 4WD/VENZA(GOR),76,310,
1027528,SHOCK ABSORBER BACK LH HIGHLANDER 2007 GSU40 2WD/VENZA (GOR),21,300,
1027529,SHOCK ABSORBER BACK RH HIGHLANDER 2007 GSU40 2WD/VENZA (GOR),21,300,
1021824,SHOCK ABSORBER FR OPEL ASTRA F (GOR),0,121,
1028056,SHOCK ABSORBER FR LH RAV4 2019 AXAA54(GOR),10,330,
1028057,SHOCK ABSORBER FR RH RAV4 2019 AXAA54(GOR),10,330,
1028058,SHOCK ABSORBER BACK RAV4 2020 AXAA54/CAMRY 2018 ASV70/COROLLA 2020 ZWE210 (GOR),0,160,
1028062,SHOCK ABSORBER FR LH TOYOTA CAMRY 2018 (SHORT) (GOR),134,350,
1028063,SHOCK ABSORBER FR RH TOYOTA CAMRY 2018 (SHORT) (GOR),134,350,
1028064,SHOCK ABSORBER  FR LH  HONDA CIVIC 2017(GOR),75,290,
1028065,SHOCK ABSORBER  FR RH  HONDA CIVIC 2017(GOR),75,290,
1028073,SHOCK ABSORBER FR LH HIGHLANDER 2020 GSU75 (GOR),0,350,
1028073,SHOCK ABSORBER FR LH HIGHLANDER 2020 GSU75 (GOR),2,350,
1028074,SHOCK ABSORBER FR RH HIGHLANDER 2020 GSU75 (GOR),0,350,
1022483,SHOCK ABSORBER BACK SANTA FE/SORENTO 2013 (SHORT)  (SHIELD),142,215,
1026404,SHOCK ABSORBER FR LH COROLLA 2014 ZRE172 (SHIELD),37,320,
1026405,SHOCK ABSORBER FR RH COROLLA 2014 ZRE172 (SHIELD),0,320,
1026405,SHOCK ABSORBER FR RH COROLLA 2014 ZRE172 (SHIELD),37,320,
1026406,SHOCK ABSORBER BACK SANTA FE 2013 (LONG)  (SHIELD),0,230,
1026407,SHOCK ABSORBER FR LH HIGHLANDER 2014 GSU55 (SHIELD),0,420,
1026408,SHOCK ABSORBER FR RH HIGHLANDER 2014 GSU55 (SHIELD),0,420,
1026575,SHOCK ABSORBER BACK SATURN VUE 2008(SHIELD),0,280,
1026579,SHOCK ABSORBER FR LH PILOT 2015 YF5 (SHIELD),29,660,
1026580,SHOCK ABSORBER FR RH PILOT 2015 YF5 (SHIELD),29,660,
1028074,SHOCK ABSORBER FR RH HIGHLANDER 2020 GSU75 (GOR),2,350,
1028080,SHOCK ABSORBER FR LH HONDA CRV 2017 RW3 (GOR),72,320,
1028081,SHOCK ABSORBER FR RH HONDA CRV 2017 RW3 (GOR),72,320,
1028082,SHOCK ABSORBER BACK HONDA CRV 2017 RW4 (GOR),1,215,
1028083,SHOCK ABSORBER FR LH COROLLA 2014 ZRE172 (GOR),56,270,
1028084,SHOCK ABSORBER  FR RH COROLLA 2014 ZRE172(GOR),56,270,
1028089,SHOCK ABSORBER BACK SANTA FE/SORENTO 2013 (SHORT) (GOR),0,175,
1022490,SHOCK ABSORBER FR RH NISSAN KICKS P15 (SHIELD),15,350,
1022491,SHOCK ABSORBER FR LH NISSAN KICKS P15 (SHIELD),17,350,
1022492,SHOCK ABSORBER BACK NISSAN KICKS P15 (SHIELD),0,220,
1022929,SHOCK ABSORBER FR LH HONDA CRV 2017 RW3 (SHIELD),0,365,
1022929,SHOCK ABSORBER FR LH HONDA CRV 2017 RW3 (SHIELD),23,365,
1022930,SHOCK ABSORBER FR RH HONDA CRV 2017 RW3 (SHIELD),0,365,
1022930,SHOCK ABSORBER FR RH HONDA CRV 2017 RW3 (SHIELD),23,365,
1022931,SHOCK ABSORBER BACK HONDA CRV 2017 RW# (SHIELD),114,250,
1026837,SHOCK ABSORBER FR RH HIGHLANDER 2005 ACU20 2WD/4WD (GOR),0,300,
1026837,SHOCK ABSORBER FR RH HIGHLANDER 2005 ACU20 2WD/4WD (GOR),162,300,
1026838,SHOCK ABSORBER FR LH HIGHLANDER 2005 ACU20 2WD/4WD (GOR),0,300,
1026838,SHOCK ABSORBER FR LH HIGHLANDER 2005 ACU20 2WD/4WD (GOR),162,300,
1026839,SHOCK ABSORBER BACK RH HIGHLANDER 2005 ACU20 2WD (GOR),147,300,
1026840,SHOCK ABSORBER BACK LH HIGHLANDER 2005 ACU20 2WD (GOR),147,300,
1026849,SHOCK ABSORBER FR HILUX VIGO/PRADO 2002/2009 KZJ120/KDJ150 (GOR),60,230,
1026855,SHOCK ABSORBER FR RH YARIS IA 2017 (SHIELD),0,390,
1026856,SHOCK ABSORBER FR LH YARIS IA 2017 (SHIELD),0,390,
